"","x"
"1","代"
"2","書"
"3","秘"
"4","晶"
"5","結帳"
"6","預約"
"7","緻"
"8","餐廳"
"9","方向"
"10","南海"
"11","買"
"12","電鐵"
"13","錯"
"14","關西"
"15","難波"
"16","名字"
"17","在"
"18","客路訂"
"19","迪士尼"
"20","票"
"21","錯誤"
"22","日文"
"23","未"
"24","回程"
"25","收到"
"26","信件"
"27","樂桃"
"28","確認"
"29","日本"
"30","的"
"31","請問"
"32","心得"
"33","民宿"
"34","野澤"
"35","雪場"
"36","源六"
"37","後"
"38","限定"
"39","期間"
"40","溫泉"
"41","道"
"42","實花"
"43","蜷川"
"44","五夜"
"45","六天"
"46","北九州"
"47","行程"
"48","請益"
"49","本周"
"50","早鳥"
"51","之森"
"52","可"
"53","享受"
"54","值"
"55","超高"
"56","種"
"57","箱根"
"58","匯率"
"59","分享"
"60","可愛"
"61","列車"
"62","達菲"
"63","艾草"
"64","谷堂"
"65","奈良"
"66","東向"
"67","商店"
"68","麻"
"69","街中"
"70","糬"
"71","合掌"
"72","村"
"73","到"
"74","哪裡"
"75","商品"
"76","還買"
"77","天氣"
"78","回報"
"79","含"
"80","物候"
"81","穿著"
"82","詢問"
"83","實況"
"84","三鷹"
"85","之森吉卜力"
"86","可以"
"87","休館"
"88","改去"
"89","哪"
"90","博物館"
"91","冬季"
"92","建議"
"93","雪景"
"94","早餐"
"95","咖啡"
"96","送"
"97","點"
"98","五日"
"99","地鐵"
"100","老弱婦孺"
"101","自由"
"102","行"
"103","東京"
"104","團"
"105","夏季"
"106","票價"
"107","結構"
"108","訂車"
"109","問題"
"110","住宿"
"111","取消"
"112","東橫"
"113","訂房"
"114","跟"
"115","關於"
"116","變更"
"117","天夜"
"118","沖繩"
"119","三月份"
"120","快速"
"121","通關"
"122","影城"
"123","環球"
"124","比賽"
"125","巨蛋"
"126","看"
"127","野球"
"128","上線"
"129","中文版"
"130","系統"
"131","東"
"132","訂票"
"133","網路"
"134","大阪"
"135","各式"
"136","旅遊"
"137","兌換"
"138","毛茸球"
"139","紅色"
"140","海濱公園"
"141","茨城縣"
"142","草"
"143","掃帚"
"144","有關"
"145","遊京奈"
"146","同時"
"147","使用"
"148","兩張"
"149","怎麼"
"150","站"
"151","進出"
"152","心齋橋"
"153","服務中心"
"154","旅客"
"155","新家"
"156","七天"
"157","六夜"
"158","西京"
"159","阪奈"
"160","關"
"161","包車來"
"162","回合"
"163","金澤"
"164","掌村"
"165","上野"
"166","官網"
"167","金屋"
"168","入境"
"169","煮熟"
"170","資格"
"171","螃蟹"
"172","名古屋"
"173","松本"
"174","滑雪"
"175","有帶"
"176","你們"
"177","來"
"178","爸媽"
"179","玩"
"180","帶"
"181","遊"
"182","還好"
"183","日田"
"184","由布院"
"185","安排"
"186","一雙"
"187","成田"
"188","美食"
"189","區"
"190","筷子"
"191","機場"
"192","遺失"
"193","地點"
"194","相關"
"195","數碼寶貝"
"196","卡"
"197","適合"
"198","巴士"
"199","利木津"
"200","券"
"201","乘車"
"202","京都"
"203","新手"
"204","過年"
"205","十六"
"206","寺"
"207","銀閣"
"208","櫻雪"
"209","有"
"210","行李"
"211","事後"
"212","哪些"
"213","航空公司"
"214","追加"
"215","變貴"
"216","之旅"
"217","池袋"
"218","首日"
"219","家"
"220","無敵"
"221","斷腿"
"222","午餐"
"223","本店"
"224","吃"
"225","早"
"226","悠閒"
"227","及"
"228","手氣"
"229","美味"
"230","食物"
"231","草橋"
"232","淺"
"233","尋找"
"234","試"
"235","券張"
"236","單程"
"237","制"
"238","時間"
"239","中"
"240","月"
"241","假日"
"242","嵐山"
"243","遊策"
"244","五日遊"
"245","京阪"
"246","正大"
"247","威斯特"
"248","酒店"
"249","華麗"
"250","賓館"
"251","遠景"
"252","拉"
"253","推薦"
"254","梅田"
"255","麵"
"256","周遊"
"257","廣域"
"258","購買"
"259","關東"
"260","八丁"
"261","休業"
"262","法華"
"263","堀月"
"264","上"
"265","押"
"266","大社"
"267","稻荷"
"268","跪求"
"269","飽"
"270","燒肉"
"271","奈"
"272","台入"
"273","事前"
"274","客急"
"275","訪日"
"276","審"
"277","八人京阪"
"278","回憶"
"279","孝親"
"280","珍貴"
"281","三天"
"282","兩夜"
"283","用"
"284","回關空"
"285","有料"
"286","特急"
"287","搭"
"288","冬天"
"289","去"
"290","近郊"
"291","這些"
"292","嗎"
"293","紅葉"
"294","村一遊"
"295","金澤到"
"296","和"
"297","優惠券"
"298","購物"
"299","日"
"300","台"
"301","節省"
"302","對"
"303","審查"
"304","擬採"
"305","二條"
"306","附近"
"307","城"
"308","者"
"309","第次"
"310","募集"
"311","可行"
"312","度"
"313","活動"
"314","國泰"
"315","酷航刷"
"316","值得"
"317","峽谷"
"318","黑部"
"319","店"
"320","紐約"
"321","第一"
"322","漢堡"
"323","山民"
"324","美"
"325","宿"
"326","降價"
"327","家族"
"328","仁和"
"329","料金"
"330","參觀"
"331","交通"
"332","大"
"333","方案"
"334","以外"
"335","江戶"
"336","飛機"
"337","凌晨"
"338","除了"
"339","一日"
"340","至"
"341","近鐵"
"342","肉街"
"343","人"
"344","求救"
"345","除夕夜"
"346","晚餐"
"347","福岡"
"348","北陸"
"349","平湯"
"350","尾"
"351","或"
"352","高山"
"353","一去"
"354","大自然"
"355","美景"
"356","造訪"
"357","輕井澤白絲"
"358","瀑布"
"359","六日"
"360","手冊"
"361","冬日"
"362","台虎"
"363","本週"
"364","促銷"
"365","旅館"
"366","烏丸"
"367","膠囊"
"368","樂園"
"369","大江"
"370","倒數"
"371","晴空"
"372","塔"
"373","跨年"
"374","遊記"
"375","增上"
"376","五天"
"377","四夜"
"378","阪神"
"379","京"
"380","紀錄"
"381","簡單"
"382","自駕"
"383","石垣島"
"384","全攻略"
"385","船上"
"386","郵輪"
"387","麗星"
"388","自駕遊"
"389","東大寺"
"390","咬"
"391","故事"
"392","春日"
"393","追及"
"394","被"
"395","鹿"
"396","有誤"
"397","門票"
"398","甲賀屋"
"399","忍術"
"400","敷"
"401","市場"
"402","美店"
"403","迴轉"
"404","壽司"
"405","三夜"
"406","台北"
"407","四天"
"408","那霸"
"409","空港"
"410","非"
"411","篇"
"412","戰利品"
"413","牛舌"
"414","王子"
"415","丼"
"416","好吃"
"417","明治"
"418","亭"
"419","輕井澤"
"420","銷魂"
"421","五能線"
"422","烤"
"423","超美"
"424","暖爐"
"425","魷魚"
"426","清里"
"427","燈城"
"428","十七"
"429","之道"
"430","哲學"
"431","車站"
"432","四年"
"433","全"
"434","連"
"435","不是"
"436","出發"
"437","白川鄉"
"438","來回"
"439","夢"
"440","好料"
"441","排"
"442","飯"
"443","銅板"
"444","鰻魚"
"445","便利性"
"446","北海道"
"447","黃金週"
"448","改版"
"449","香草"
"450","山"
"451","比"
"452","神護寺"
"453","鞍馬"
"454","叡"
"455","擇一"
"456","行車"
"457","急"
"458","電車"
"459","生活圈"
"460","啟程"
"461","上網"
"462","卡機"
"463","國際"
"464","富士"
"465","開通"
"466","電話"
"467","雙"
"468","航廈"
"469","第三"
"470","匠"
"471","秋葉原"
"472","航空"
"473","記錄"
"474","復興"
"475","日暮"
"476","出關"
"477","里"
"478","國內"
"479","線"
"480","轉乘"
"481","酷"
"482","之"
"483","冬雪"
"484","神社"
"485","晴明"
"486","貴船"
"487","屋久島"
"488","鹿兒島"
"489","成"
"490","紙箱"
"491","綑"
"492","乙出"
"493","功能"
"494","甲進"
"495","多"
"496","航點"
"497","新"
"498","網站"
"499","轉機"
"500","八"
"501","今天"
"502","祭"
"503","節分"
"504","日光"
"505","卷"
"506","俺"
"507","中國"
"508","陸客"
"509","新聞"
"510","禁止"
"511","對付"
"512","爆買"
"513","博多"
"514","請教"
"515","九州"
"516","二訪"
"517","又"
"518","最近"
"519","釋出"
"520","囉"
"521","二"
"522","大三"
"523","小"
"524","親子"
"525","月底"
"526","前往"
"527","入場券"
"528","張"
"529","李"
"530","虎"
"531","航行"
"532","日元"
"533","守則"
"534","鹿仙貝"
"535","鹿趣"
"536","餵"
"537","吃過"
"538","有人"
"539","居酒"
"540","屋"
"541","家櫻家"
"542","五千"
"543","日圓"
"544","免費"
"545","限道"
"546","區域"
"547","預付卡"
"548","四日"
"549","目"
"550","企業"
"551","明神"
"552","神田"
"553","偽"
"554","參拜"
"555","新年"
"556","攤"
"557","加"
"558","客服"
"559","致電"
"560","酷航"
"561","老爺爺"
"562","蛋糕"
"563","蓬鬆"
"564","爆漿"
"565","湯瑪士"
"566","天神"
"567","海賊王"
"568","專賣店"
"569","餃子"
"570","鐵鍋"
"571","山到"
"572","規劃"
"573","黑部立"
"574","不逛"
"575","文具"
"576","後悔"
"577","美妝"
"578","會"
"579","雜貨店"
"580","有沒有"
"581","夜店"
"582","新宿"
"583","伏見"
"584","祭及"
"585","還幸"
"586","疑問"
"587","回饋"
"588","倍"
"589","當地"
"590","千歲"
"591","束帶"
"592","釧"
"593","路"
"594","介紹"
"595","日後"
"596","新版"
"597","新增"
"598","半島"
"599","知多"
"600","知多娘"
"601","故鄉"
"602","景點"
"603","愛知縣"
"604","一遊"
"605","市立"
"606","姬路城"
"607","神戶"
"608","比較"
"609","刷卡"
"610","海外"
"611","數"
"612","天然"
"613","祇"
"614","園"
"615","大放送"
"616","年末"
"617","序號"
"618","折價"
"619","抽"
"620","喔"
"621","平價"
"622","私心"
"623","商旅"
"624","連鎖"
"625","一般"
"626","發"
"627","威航"
"628","首航"
"629","美山"
"630","旅伴"
"631","自助"
"632","美山雪燈"
"633","廊"
"634","平等"
"635","宇治"
"636","年"
"637","院"
"638","札幌"
"639","請"
"640","優質"
"641","平和"
"642","回台灣"
"643","羽田"
"644","虎航"
"645","島"
"646","桃園"
"647","第班"
"648","開放"
"649","購票"
"650","看點"
"651","最佳"
"652","觀"
"653","鑽石"
"654","大廈"
"655","空中"
"656","展望"
"657","庭園"
"658","藍天"
"659","十八"
"660","三門"
"661","水路"
"662","南禪寺"
"663","閣"
"664","方法"
"665","必中"
"666","包"
"667","星際大戰"
"668","懶人"
"669","白馬"
"670","初心者"
"671","長野"
"672","備忘錄"
"673","滑雪板"
"674","裝備"
"675","二重"
"676","小鳥"
"677","皇居"
"678","梅花"
"679","散步"
"680","橋櫻田門"
"681","函館"
"682","夜景"
"683","前去"
"684","黃昏"
"685","趕"
"686","哥"
"687","常滑"
"688","蛋黃"
"689","熱田"
"690","可可"
"691","巧克力"
"692","星巴克"
"693","星冰樂"
"694","碎塊"
"695","各種"
"696","拉拉"
"697","哥銀魂"
"698","尋寶"
"699","熊"
"700","龍貓"
"701","三明治"
"702","表"
"703","參道"
"704","龍蝦"
"705","糸"
"706","町"
"707","食在"
"708","錦"
"709","玻璃"
"710","高島"
"711","假面"
"712","情人節"
"713","川崎"
"714","不二"
"715","雄"
"716","藤子"
"717","本人"
"718","是否"
"719","需"
"720","白谷"
"721","峽"
"722","雲水"
"723","一周"
"724","版友"
"725","禁言"
"726","讓售"
"727","經驗"
"728","電器"
"729","議價"
"730","外"
"731","首都"
"732","郭放"
"733","需要"
"734","文"
"735","抱怨"
"736","租借"
"737","一問"
"738","來線"
"739","方式"
"740","空城"
"741","搭車"
"742","臨"
"743","外幣"
"744","位置"
"745","桃機"
"746","臺銀"
"747","一泊"
"748","二食"
"749","西城"
"750","但馬牛"
"751","松葉"
"752","崎泉"
"753","蟹"
"754","旭川"
"755","抵達"
"756","阿卡"
"757","前進"
"758","將"
"759","不再"
"760","老吳"
"761","入園"
"762","日期"
"763","指定"
"764","皮夾"
"765","晝之"
"766","登堡"
"767","漫步"
"768","豪斯"
"769","歐州"
"770","王國"
"771","光"
"772","夜"
"773","閃耀"
"774","正對面"
"775","便利"
"776","鄉村"
"777","飯店"
"778","地下街"
"779","厚"
"780","星乃"
"781","甜點"
"782","鬆餅"
"783","前"
"784","富山"
"785","週邊"
"786","旅行"
"787","丸子"
"788","國立"
"789","糯米"
"790","苑"
"791","敘敘"
"792","川"
"793","布"
"794","由"
"795","阿蘇"
"796","黑"
"797","橫斷"
"798","五湖"
"799","冬花火"
"800","河口"
"801","湖"
"802","館"
"803","繆斯館"
"804","飛"
"805","優惠"
"806","直達"
"807","掛川"
"808","行台"
"809","家入"
"810","實記"
"811","演唱會"
"812","歐"
"813","了"
"814","大眾"
"815","支援"
"816","運輸"
"817","大家"
"818","給"
"819","意見"
"820","資訊"
"821","觀光"
"822","球場"
"823","蒐集"
"824","呼吸"
"825","寺伏見"
"826","金閣寺"
"827","清水"
"828","杯"
"829","櫻花"
"830","大佛"
"831","中谷堂"
"832","布丁"
"833","吃貨"
"834","茶屋"
"835","荷"
"836","當"
"837","柳川"
"838","要"
"839","記得"
"840","脫"
"841","遊船"
"842","鞋子"
"843","小姐"
"844","搭乘"
"845","熱心"
"846","售"
"847","多日"
"848","改成"
"849","券要"
"850","計時"
"851","航線"
"852","部分"
"853","狀況"
"854","看不懂"
"855","緊急"
"856","公園"
"857","美到"
"858","粉嫩"
"859","雪"
"860","過分"
"861","賞櫻"
"862","天橋"
"863","立姬"
"864","路城"
"865","周遭"
"866","羽田機場"
"867","赤門"
"868","東大"
"869","第一天"
"870","不到"
"871","打"
"872","車票"
"873","食事處"
"874","越前"
"875","福井"
"876","十九"
"877","方丈"
"878","南"
"879","禪院"
"880","天"
"881","行小樽篇"
"882","道東"
"883","万丸"
"884","甘味"
"885","式"
"886","通"
"887","包包"
"888","便宜"
"889","舒適"
"890","改制"
"891","券起"
"892","記實"
"893","伊豆"
"894","熱海"
"895","轉車"
"896","選擇"
"897","有在記"
"898","步數"
"899","走路"
"900","太宰"
"901","府"
"902","車廂"
"903","綠色"
"904","府城"
"905","燈城甲"
"906","東北"
"907","祭典"
"908","新幹線"
"909","三月"
"910","難度"
"911","京急線"
"912","販售"
"913","台灣"
"914","本"
"915","有效期限"
"916","駕照"
"917","翻譯"
"918","價格"
"919","急問"
"920","名店"
"921","帶廣"
"922","豚"
"923","二星"
"924","米其林"
"925","重覆"
"926","小丸子"
"927","主題"
"928","台場"
"929","周年"
"930","一個"
"931","人爽"
"932","住"
"933","吟景"
"934","迴廊"
"935","目前"
"936","查到"
"937","最低"
"938","日遊"
"939","倉"
"940","草津"
"941","鎌"
"942","票券"
"943","應用"
"944","大地"
"945","抽獎"
"946","滿額"
"947","特別版"
"948","菜"
"949","二十"
"950","蹴"
"951","鐵道"
"952","出清"
"953","運動用品"
"954","套票"
"955","人天夜"
"956","成功"
"957","旅大"
"958","畢"
"959","火山爆發"
"960","櫻島"
"961","長崎"
"962","熊本"
"963","加雪胎"
"964","租車"
"965","日幣"
"966","盛岡"
"967","下"
"968","好心人"
"969","我"
"970","解救"
"971","包到"
"972","系列"
"973","那"
"974","與"
"975","鎖頭"
"976","入住"
"977","第一次"
"978","菸"
"979","小田急"
"980","吧"
"981","便當"
"982","浪漫"
"983","帶走"
"984","號"
"985","月京阪"
"986","冬衣"
"987","折扣"
"988","現在"
"989","還有"
"990","利久"
"991","大洲"
"992","小心"
"993","內子"
"994","伊予灘"
"995","物語"
"996","得"
"997","今日"
"998","外套"
"999","搭機回"
"1000","遺失在"
"1001","一點"
"1002","能給"
"1003","控"
"1004","雜貨"
"1005","席"
"1006","咖啡廳"
"1007","超萌"
"1008","貓頭鷹"
"1009","五月"
"1010","以後"
"1011","航班"
"1012","茨城"
"1013","部份"
"1014","拼布"
"1015","美瑛"
"1016","機車"
"1017","行龜"
"1018","作戰"
"1019","兩津"
"1020","勘吉大"
"1021","狐狸"
"1022","藏王"
"1023","獼猴"
"1024","包括"
"1025","起站"
"1026","區間"
"1027","小孩子"
"1028","天堂"
"1029","啊"
"1030","超人"
"1031","捨我其誰"
"1032","黃金地段"
"1033","華盛頓"
"1034","松山"
"1035","餐"
"1036","日程"
"1037","展覽"
"1038","瀏覽"
"1039","一覽"
"1040","大丸"
"1041","券種"
"1042","吉祥寺"
"1043","廉航"
"1044","雙園"
"1045","上虹"
"1046","松原"
"1047","鏡山"
"1048","牛"
"1049","用餐"
"1050","選配"
"1051","台灣虎航"
"1052","因應"
"1053","地震"
"1054","災害"
"1055","事件"
"1056","對策"
"1057","外帶"
"1058","多種"
"1059","風"
"1060","高值"
"1061","野菜"
"1062","葡萄"
"1063","走進"
"1064","童話故事"
"1065","點燈"
"1066","下週"
"1067","全日"
"1068","青年"
"1069","　"
"1070","多慶屋"
"1071","享折"
"1072","大爆"
"1073","少"
"1074","走"
"1075","風城"
"1076","綜合"
"1077","王將"
"1078","謝謝"
"1079","付款"
"1080","往"
"1081","高速"
"1082","最後"
"1083","疑惑"
"1084","那裡"
"1085","流冰"
"1086","啤酒"
"1087","中川"
"1088","河濱"
"1089","第二"
"1090","閒晃"
"1091","龜有"
"1092","水產"
"1093","回轉"
"1094","梅田大起"
"1095","幸"
"1096","御池店"
"1097","豬排"
"1098","零食"
"1099","藥妝"
"1100","呢"
"1101","該選"
"1102","還是"
"1103","櫻花季"
"1104","白晝"
"1105","第回"
"1106","什麼"
"1107","收錢"
"1108","從"
"1109","湖為"
"1110","一蘭拉"
"1111","遊日"
"1112","地"
"1113","村民"
"1114","食材"
"1115","食堂"
"1116","料理"
"1117","中部"
"1118","自己"
"1119","沒帶"
"1120","爸爸"
"1121","跳"
"1122","酒"
"1123","酒井"
"1124","武道館"
"1125","巡禮"
"1126","天滿宮"
"1127","北野"
"1128","晚上"
"1129","地方"
"1130","寄放"
"1131","天滿"
"1132","初晴"
"1133","微雪"
"1134","六本木"
"1135","森之丘"
"1136","千房"
"1137","樂"
"1138","沒有"
"1139","家拉"
"1140","想像中"
"1141","難排"
"1142","北部"
"1143","濱海"
"1144","春節"
"1145","條碼"
"1146","登機"
"1147","刀"
"1148","陶瓷"
"1149","名店街"
"1150","東洋"
"1151","外苑"
"1152","神宮"
"1153","銀杏"
"1154","半熟"
"1155","起司"
"1156","天麩"
"1157","咖啡館"
"1158","超"
"1159","羅"
"1160","丸忠"
"1161","類似"
"1162","尼御前"
"1163","岬"
"1164","漁村"
"1165","ㄧ"
"1166","島原"
"1167","劃位"
"1168","兵庫"
"1169","岡山"
"1170","半日"
"1171","能登"
"1172","寄送"
"1173","千里馬"
"1174","租"
"1175","單車"
"1176","藥局"
"1177","今昔"
"1178","生活館"
"1179","市區"
"1180","台灣發"
"1181","星光"
"1182","大型"
"1183","中書島"
"1184","可放"
"1185","路上"
"1186","咖哩"
"1187","食記"
"1188","組觀劇"
"1189","銀座"
"1190","樓"
"1191","寶塚"
"1192","口本宮"
"1193","五"
"1194","淺間"
"1195","湖北"
"1196","二月"
"1197","下旬"
"1198","男孩"
"1199","滿"
"1200","兒童票"
"1201","配眼鏡"
"1202","視線"
"1203","剩餘"
"1204","錢幣"
"1205","零錢"
"1206","儲值"
"1207","迷你版"
"1208","驒"
"1209","世界"
"1210","布博"
"1211","繽紛"
"1212","老店"
"1213","築"
"1214","打折"
"1215","來回票"
"1216","牛力"
"1217","武田氏館"
"1218","一張"
"1219","車型"
"1220","公車"
"1221","唐吉軻"
"1222","德"
"1223","通卡"
"1224","期限"
"1225","母女"
"1226","淺草"
"1227","看法"
"1228","時間表"
"1229","濃飛"
"1230","六大"
"1231","精選"
"1232","分"
"1233","車程"
"1234","大通"
"1235","打燈"
"1236","夜間"
"1237","薄野"
"1238","天數"
"1239","依"
"1240","查詢"
"1241","條件"
"1242","無可"
"1243","機票"
"1244","本月"
"1245","三郎"
"1246","本格"
"1247","肉"
"1248","炭火"
"1249","熟成"
"1250","不行"
"1251","仙貝"
"1252","只能"
"1253","高麗菜"
"1254","上陣"
"1255","街景"
"1256","聖誕"
"1257","雙色"
"1258","老人"
"1259","走失"
"1260","和服"
"1261","岡本"
"1262","真好"
"1263","感冒"
"1264","體驗"
"1265","加越"
"1266","能"
"1267","增發"
"1268","起"
"1269","漲價"
"1270","日式"
"1271","澡堂"
"1272","家人"
"1273","動物"
"1274","圈"
"1275","甜甜"
"1276","門票價格"
"1277","調整"
"1278","高麗"
"1279","另贈"
"1280","收集"
"1281","紀念章"
"1282","換小"
"1283","禮物"
"1284","連假"
"1285","端午"
"1286","廣島"
"1287","縱"
"1288","一個月"
"1289","犯禁"
"1290","言"
"1291","業配"
"1292","警告"
"1293","買票"
"1294","當天"
"1295","大久"
"1296","住過"
"1297","保甲"
"1298","隆閣"
"1299","鄉土"
"1300","新開"
"1301","用來"
"1302","託運"
"1303","水族館"
"1304","市"
"1305","港"
"1306","關西地區"
"1307","七夜"
"1308","八天"
"1309","元"
"1310","日股"
"1311","逾點"
"1312","暴跌"
"1313","衝上"
"1314","掃貨"
"1315","單日"
"1316","六厘"
"1317","塔店"
"1318","簽單"
"1319","姓名"
"1320","相反"
"1321","也"
"1322","今年"
"1323","流程"
"1324","實體"
"1325","店員"
"1326","怎麼辦"
"1327","算錯"
"1328","錢"
"1329","大量"
"1330","之丘及"
"1331","哆"
"1332","啦"
"1333","朝日"
"1334","電視"
"1335","登別"
"1336","休息"
"1337","保山"
"1338","強風"
"1339","摩天輪"
"1340","西北"
"1341","金澤關"
"1342","柯南"
"1343","陸版"
"1344","白川"
"1345","梅田太融"
"1346","超市"
"1347","河原"
"1348","河源"
"1349","岡姬"
"1350","若"
"1351","神奈之夏"
"1352","草山"
"1353","一半"
"1354","昨天下午"
"1355","停駛"
"1356","開到"
"1357","山寺"
"1358","記玩"
"1359","你"
"1360","個"
"1361","搞定"
"1362","讓"
"1363","地獄谷"
"1364","野猿公苑"
"1365","猴年"
"1366","賀歲"
"1367","大陸"
"1368","很"
"1369","時候"
"1370","遇過"
"1371","尷尬"
"1372","網卡"
"1373","情況"
"1374","感受"
"1375","反推"
"1376","四寺"
"1377","如何"
"1378","主題樂園"
"1379","換人"
"1380","藥妝店"
"1381","可否"
"1382","配套"
"1383","單獨"
"1384","一月"
"1385","月初"
"1386","銀山"
"1387","初次"
"1388","行李箱"
"1389","求助"
"1390","海關"
"1391","鎖"
"1392","一起"
"1393","折"
"1394","航"
"1395","閃止"
"1396","土產"
"1397","之原"
"1398","戰場"
"1399","禪寺"
"1400","櫪木縣"
"1401","火烤"
"1402","海膽"
"1403","握"
"1404","黑門"
"1405","橋"
"1406","關東煮"
"1407","一枚"
"1408","皮包"
"1409","找到"
"1410","龍銀"
"1411","山陰"
"1412","本線"
"1413","集卡換"
"1414","贈品"
"1415","不"
"1416","版"
"1417","推"
"1418","補充"
"1419","物品"
"1420","班機"
"1421","個別"
"1422","必備"
"1423","保暖"
"1424","穿"
"1425","韓國"
"1426","洗衣"
"1427","呂"
"1428","負評"
"1429","湯之島"
"1430","投訴"
"1431","羞辱"
"1432","該"
"1433","一晚"
"1434","自家"
"1435","珈"
"1436","茶"
"1437","喫"
"1438","焙"
"1439","琲"
"1440","煎"
"1441","陸上"
"1442","衣服"
"1443","免稅"
"1444","已"
"1445","全案"
"1446","官方"
"1447","疏失"
"1448","造成"
"1449","結束"
"1450","牛排"
"1451","定食"
"1452","炸"
"1453","房"
"1454","東橫訂"
"1455","千代田"
"1456","散策"
"1457","萬世"
"1458","延遲"
"1459","解決"
"1460","正"
"1461","附卡去"
"1462","高空"
"1463","觀景"
"1464","之美"
"1465","日夜"
"1466","景觀"
"1467","小鹿"
"1468","相遇"
"1469","興福寺"
"1470","霸"
"1471","夢館"
"1472","文豚"
"1473","主"
"1474","爬"
"1475","為"
"1476","申請書"
"1477","鐵路"
"1478","不忍"
"1479","一得"
"1480","之中"
"1481","只"
"1482","吉本"
"1483","村藤"
"1484","抹"
"1485","專程"
"1486","衝去"
"1487","托"
"1488","李後還"
"1489","刷"
"1490","運行"
"1491","世界遺產"
"1492","參訪"
"1493","遇見"
"1494","一日遊"
"1495","主要"
"1496","出沒"
"1497","危險"
"1498","突刺"
"1499","飛踢"
"1500","鹿角"
"1501","程度"
"1502","衝撞"
"1503","器"
"1504","換錢"
"1505","巨人"
"1506","進擊"
"1507","爆多人"
"1508","系"
"1509","療"
"1510","癒"
"1511","堀御堂"
"1512","筋"
"1513","頓"
"1514","難波道"
"1515","有點"
"1516","退步"
"1517","腳架"
"1518","八折"
"1519","金額"
"1520","計入"
"1521","手續費"
"1522","交易"
"1523","多收"
"1524","淺草川"
"1525","越"
"1526","花庵"
"1527","湖上"
"1528","超廣角"
"1529","攝影師"
"1530","軟糖"
"1531","餅乾"
"1532","升"
"1533","勢不可擋"
"1534","瘋漲"
"1535","之後"
"1536","過"
"1537","包含"
"1538","哈利"
"1539","無"
"1540","順序"
"1541","遊完"
"1542","改進"
"1543","這週"
"1544","我家"
"1545","振袖"
"1546","梅長"
"1547","蘇"
"1548","整理"
"1549","高雄"
"1550","想"
"1551","人排"
"1552","大多數"
"1553","不去"
"1554","為何"
"1555","美登利"
"1556","免"
"1557","運費"
"1558","蛋包飯"
"1559","大橋"
"1560","信用卡"
"1561","免稅店"
"1562","獺祭"
"1563","停車"
"1564","有無"
"1565","重機"
"1566","秤"
"1567","勉強"
"1568","洋"
"1569","食文化"
"1570","練瓦亭"
"1571","哈利波"
"1572","特入園"
"1573","開票"
"1574","三"
"1575","木雞"
"1576","卵"
"1577","豆乳"
"1578","章魚燒"
"1579","逛街"
"1580","博士"
"1581","名鐵"
"1582","甜"
"1583","全部"
"1584","客滿"
"1585","去過"
"1586","東南"
"1587","植物"
"1588","卡拉"
"1589","再戰"
"1590","有樂"
"1591","樂遊"
"1592","光寺"
"1593","常寂"
"1594","賞楓"
"1595","寶筐院"
"1596","男"
"1597","雪地"
"1598","獨遊"
"1599","斷魂"
"1600","有名"
"1601","泥"
"1602","蕎"
"1603","蕎麥"
"1604","蘿蔔"
"1605","開幕"
"1606","漢字"
"1607","未稅"
"1608","捷星"
"1609","出版"
"1610","教具"
"1611","買到"
"1612","學研"
"1613","白河"
"1614","清澄"
"1615","早晨"
"1616","青山"
"1617","烘焙"
"1618","儀式"
"1619","屬於"
"1620","一樣"
"1621","小資"
"1622","母子"
"1623","好玩"
"1624","必記"
"1625","準則"
"1626","山陽"
"1627","京阪奈"
"1628","全城"
"1629","真夏"
"1630","舞動"
"1631","沒收"
"1632","訂位"
"1633","電子"
"1634","確認信"
"1635","海賊"
"1636","迷必"
"1637","鐵塔"
"1638","現場"
"1639","自駕車"
"1640","輛"
"1641","詐騙"
"1642","小金井"
"1643","店長"
"1644","武藏"
"1645","柴犬"
"1646","還在"
"1647","甘酒"
"1648","悠哉"
"1649","之島"
"1650","倉江"
"1651","午夜"
"1652","速度"
"1653","超慢"
"1654","三千"
"1655","大原"
"1656","明天"
"1657","獨自"
"1658","內"
"1659","園區"
"1660","跨年遊"
"1661","睡"
"1662","套餐"
"1663","特別"
"1664","乃"
"1665","佳"
"1666","訂單"
"1667","編號"
"1668","省錢"
"1669","酒場"
"1670","手稻"
"1671","回覆"
"1672","教練"
"1673","出境"
"1674","爆滿"
"1675","太趕"
"1676","怕"
"1677","是"
"1678","航想"
"1679","做"
"1680","這"
"1681","一天"
"1682","一夜"
"1683","晚去"
"1684","晚回"
"1685","二世"
"1686","攻略"
"1687","谷"
"1688","初學者"
"1689","影片"
"1690","台哥"
"1691","旅平險"
"1692","富邦"
"1693","漫遊"
"1694","延後"
"1695","起飛時間"
"1696","車"
"1697","接駁"
"1698","教學"
"1699","立山"
"1700","染匠"
"1701","挑選"
"1702","逆"
"1703","湖必"
"1704","夜楓"
"1705","右衛"
"1706","金久"
"1707","門"
"1708","沒住"
"1709","能辦"
"1710","會員卡"
"1711","誰知"
"1712","辦"
"1713","急金澤"
"1714","錢包"
"1715","二六"
"1716","多店"
"1717","食事"
"1718","雜記"
"1719","兩日"
"1720","泡"
"1721","芙"
"1722","最強"
"1723","之心"
"1724","萬豪"
"1725","素食"
"1726","長輩"
"1727","假帶"
"1728","清明"
"1729","司機"
"1730","計程車"
"1731","好"
"1732","單身"
"1733","聯絡人"
"1734","停止"
"1735","聖地"
"1736","徵求"
"1737","調查"
"1738","地區"
"1739","機"
"1740","冬"
"1741","童話世界"
"1742","東京灣"
"1743","穿越"
"1744","彩虹"
"1745","鳥"
"1746","貴族"
"1747","琵琶湖"
"1748","賞鷹"
"1749","手提"
"1750","行李袋"
"1751","找"
"1752","病患"
"1753","補充品"
"1754","營養"
"1755","癌末"
"1756","旅店"
"1757","設計"
"1758","千兩"
"1759","玉子"
"1760","河岸"
"1761","魚"
"1762","燒魚"
"1763","築地"
"1764","鮪"
"1765","間"
"1766","攤位"
"1767","立木"
"1768","津"
"1769","洲際"
"1770","橫濱"
"1771","巨型"
"1772","吸睛"
"1773","原宿"
"1774","熊大太"
"1775","八日遊"
"1776","霸縣"
"1777","廳"
"1778","預報"
"1779","一人"
"1780","福岡市"
"1781","酷夏"
"1782","低成本"
"1783","完成"
"1784","致謝"
"1785","問卷"
"1786","禮券"
"1787","程"
"1788","遊行"
"1789","四次"
"1790","一"
"1791","旅釧路"
"1792","付"
"1793","付是"
"1794","意思"
"1795","小人"
"1796","不小"
"1797","不短"
"1798","基本"
"1799","款"
"1800","季"
"1801","豐島"
"1802","瀨戶內海"
"1803","藝術"
"1804","大雨"
"1805","西表"
"1806","冒險"
"1807","島山"
"1808","陷阱"
"1809","豬"
"1810","獵豬"
"1811","殺豬"
"1812","炭坑"
"1813","服務"
"1814","提供"
"1815","暑假"
"1816","二航廈"
"1817","夜遊"
"1818","船型"
"1819","金融"
"1820","現金"
"1821","晶片"
"1822","領"
"1823","天日"
"1824","兒童座椅"
"1825","花火"
"1826","耶誕"
"1827","例行"
"1828","鳥越"
"1829","陽光"
"1830","中止"
"1831","樹冰"
"1832","姬路"
"1833","專櫃"
"1834","希爾頓"
"1835","好友"
"1836","機免"
"1837","三月底"
"1838","店家"
"1839","青洞"
"1840","潛水"
"1841","車券"
"1842","取票"
"1843","超景"
"1844","踊子"
"1845","領取"
"1846","參考"
"1847","伏"
"1848","見"
"1849","啡"
"1850","誤點"
"1851","中天"
"1852","片"
"1853","果醬"
"1854","蜂蜜"
"1855","十天"
"1856","火車"
"1857","回來"
"1858","拿"
"1859","留在"
"1860","帽子"
"1861","機會"
"1862","美術館"
"1863","整修"
"1864","八朔橘"
"1865","大福"
"1866","尾道"
"1867","昇"
"1868","福亭"
"1869","鬼"
"1870","聖"
"1871","舞"
"1872","護院"
"1873","灑福豆"
"1874","相撲"
"1875","場所"
"1876","公開"
"1877","四月"
"1878","所"
"1879","御"
"1880","蛤御門"
"1881","之鐘"
"1882","知恩"
"1883","社"
"1884","除夜"
"1885","券去"
"1886","夜櫻"
"1887","亂舞"
"1888","離宮"
"1889","三大"
"1890","王代"
"1891","流鏑"
"1892","馬"
"1893","葵"
"1894","鴨"
"1895","齋"
"1896","堂"
"1897","源氏物語"
"1898","鳳凰"
"1899","文化遺產"
"1900","那智"
"1901","和歌山"
"1902","捕鯨"
"1903","基地"
"1904","心"
"1905","堀通訂"
"1906","橋長"
"1907","湯"
"1908","雄琴"
"1909","花"
"1910","街道"
"1911","小倉"
"1912","門司"
"1913","美金"
"1914","現鈔"
"1915","換"
"1916","兩天"
"1917","範圍"
"1918","龍道"
"1919","號在"
"1920","雷鳥"
"1921","山亭"
"1922","山溪"
"1923","定"
"1924","留翠"
"1925","寶亭"
"1926","圓夢"
"1927","巴費及"
"1928","客房"
"1929","鳥取"
"1930","高級"
"1931","嚐"
"1932","搭機"
"1933","證明"
"1934","九日"
"1935","快"
"1936","閃遊"
"1937","半之助"
"1938","金子"
"1939","炸天"
"1940","超人氣"
"1941","企鵝"
"1942","旭山"
"1943","老大"
"1944","動物園"
"1945","伊藤久"
"1946","宿湯"
"1947","設施"
"1948","黑川"
"1949","吉"
"1950","發現"
"1951","澀谷"
"1952","換匯"
"1953","銀行"
"1954","線上"
"1955","成套"
"1956","扭蛋"
"1957","超級"
"1958","一次"
"1959","奉還"
"1960","開春"
"1961","匯市"
"1962","暴衝"
"1963","波站"
"1964","海難"
"1965","從南"
"1966","推車"
"1967","十字"
"1968","赤"
"1969","病院"
"1970","九天"
"1971","八夜"
"1972","最終"
"1973","百貨"
"1974","直通"
"1975","二一"
"1976","平安"
"1977","划算"
"1978","這樣"
"1979","宮崎"
"1980","奈及"
"1981","跑"
"1982","小時"
"1983","超賣"
"1984","滯留"
"1985","賣鹿"
"1986","攤販"
"1987","時刻表"
"1988","加購"
"1989","高松"
"1990","華航"
"1991","增班"
"1992","瀨戶"
"1993","祖孫"
"1994","太"
"1995","難訂"
"1996","成行"
"1997","倉促"
"1998","台日"
"1999","附屬"
"2000","棒球賽"
"2001","小路"
"2002","淹見"
"2003","燒"
"2004","訊息"
"2005","尾聲"
"2006","決定"
"2007","特攻"
"2008","假"
"2009","臨時"
"2010","飲料"
"2011","夏天"
"2012","滑雪場"
"2013","四國"
"2014","季節"
"2015","票卷"
"2016","超值"
"2017","小孩"
"2018","接受"
"2019","七日"
"2020","三日"
"2021","公分"
"2022","以上"
"2023","寺廟"
"2024","京阪奈有"
"2025","達摩"
"2026","賣"
"2027","道央"
"2028","手機"
"2029","吉田"
"2030","初立春"
"2031","屋台"
"2032","大雷店"
"2033","都"
"2034","父親"
"2035","跟團"
"2036","天夜京阪"
"2037","七"
"2038","得到"
"2039","原來"
"2040","排隊"
"2041","旅宿"
"2042","等級"
"2043","王冠"
"2044","全日空"
"2045","廣場"
"2046","山口"
"2047","好用"
"2048","進"
"2049","搭配"
"2050","含有"
"2051","馬車"
"2052","商業廣告"
"2053","淀屋橋"
"2054","近期"
"2055","邂逅"
"2056","點心"
"2057","地圖"
"2058","哪區"
"2059","延誤"
"2060","明早"
"2061","我們"
"2062","做些"
"2063","廉價"
"2064","併"
"2065","點數"
"2066","天龍"
"2067","秀"
"2068","多早"
"2069","會開"
"2070","海炎"
"2071","琉球"
"2072","煙火"
"2073","長野縣"
"2074","飯山市"
"2075","名所"
"2076","昭和"
"2077","記念"
"2078","哪邊"
"2079","掃地"
"2080","機器人"
"2081","號取票"
"2082","女兒節"
"2083","名代"
"2084","豆餅"
"2085","果子"
"2086","預計"
"2087","手遊"
"2088","咖啡屋"
"2089","勇者"
"2090","鬥"
"2091","惡龍"
"2092","搭樂桃"
"2093","小屋"
"2094","牡蠣"
"2095","松島"
"2096","久"
"2097","過桃機"
"2098","法隆寺"
"2099","大小"
"2100","房型"
"2101","該訂"
"2102","出天夜"
"2103","花園"
"2104","花況"
"2105","市駛"
"2106","二二"
"2107","水道"
"2108","岡北"
"2109","岡崎"
"2110","烏龍"
"2111","疏"
"2112","行上"
"2113","開車"
"2114","分店"
"2115","哪個"
"2116","退稅"
"2117","九一橋"
"2118","五晚"
"2119","日劇"
"2120","和尚"
"2121","星川"
"2122","朝"
"2123","誤"
"2124","成人"
"2125","甲子"
"2126","春季"
"2127","川越"
"2128","推岡本"
"2129","背包"
"2130","這個"
"2131","月份"
"2132","同期"
"2133","新高"
"2134","遊客"
"2135","數萬人"
"2136","大志"
"2137","加賀"
"2138","藏身"
"2139","野島"
"2140","大碗"
"2141","名物"
"2142","學生"
"2143","單人房"
"2144","衛浴"
"2145","獨立"
"2146","全家"
"2147","玉"
"2148","能仁寺"
"2149","埼"
"2150","朝聖"
"2151","加開"
"2152","專屬"
"2153","搭遊"
"2154","高手"
"2155","請進"
"2156","西佳"
"2157","湖湖"
"2158","舞家"
"2159","可賞"
"2160","積雪"
"2161","全國"
"2162","河津"
"2163","通票"
"2164","行下"
"2165","大起"
"2166","街"
"2167","西鐵"
"2168","哈頓"
"2169","司"
"2170","經濟艙"
"2171","小田保"
"2172","六顆"
"2173","必"
"2174","肥美"
"2175","上桌"
"2176","口味"
"2177","宇都宮"
"2178","餃子館"
"2179","夢想"
"2180","九夜"
"2181","其他"
"2182","城南"
"2183","宮可"
"2184","大河"
"2185","市內"
"2186","加酒"
"2187","向"
"2188","直接"
"2189","長榮"
"2190","假期"
"2191","本能寺"
"2192","京味"
"2193","人到"
"2194","忘"
"2195","卻"
"2196","冬段"
"2197","兼六園"
"2198","天王"
"2199","周圍"
"2200","素質"
"2201","提醒"
"2202","行日目"
"2203","城篇"
"2204","再開"
"2205","風太熱"
"2206","音響"
"2207","合羽橋"
"2208","道具"
"2209","拿錯"
"2210","誰"
"2211","預定"
"2212","二三"
"2213","本堂"
"2214","來自"
"2215","嵐飯"
"2216","一下"
"2217","妥當"
"2218","幫看"
"2219","定番"
"2220","閃閃發光"
"2221","蘆之湖"
"2222","處理"
"2223","試問"
"2224","賞"
"2225","平日"
"2226","回"
"2227","早上"
"2228","板友"
"2229","草線"
"2230","天賞櫻"
"2231","兩個"
"2232","推文"
"2233","累犯"
"2234","鬧版"
"2235","取捨"
"2236","義大利"
"2237","滑板"
"2238","鞋"
"2239","柳川市"
"2240","限速"
"2241","高速公路"
"2242","開"
"2243","遵守"
"2244","早班"
"2245","江之島"
"2246","追景"
"2247","第二次"
"2248","戀愛"
"2249","一風堂"
"2250","宵夜"
"2251","竹林"
"2252","阪京奈"
"2253","靜岡"
"2254","如果"
"2255","泡湯"
"2256","純"
"2257","越後湯澤"
"2258","可行性"
"2259","閃"
"2260","日月"
"2261","特價"
"2262","下通"
"2263","值高"
"2264","村里"
"2265","秋季"
"2266","美山町北"
"2267","苗場"
"2268","三平"
"2269","巨蝦"
"2270","生魚片"
"2271","帝王"
"2272","新鮮"
"2273","二樓"
"2274","書店"
"2275","蔦"
"2276","設定"
"2277","宮二城"
"2278","新景點"
"2279","過境"
"2280","櫃台"
"2281","下載"
"2282","描述"
"2283","檔"
"2284","控訴"
"2285","漠視"
"2286","網友"
"2287","機位"
"2288","權益"
"2289","格蘭"
"2290","章月章"
"2291","花費"
"2292","出生年月"
"2293","輸入"
"2294","塞車"
"2295","一款"
"2296","染髮劑"
"2297","三選"
"2298","帶煙"
"2299","滿歲"
"2300","十川"
"2301","四萬"
"2302","宇和島"
"2303","訂房網"
"2304","徵"
"2305","後續"
"2306","洽詢"
"2307","條款"
"2308","吟景訂"
"2309","樂天"
"2310","報到"
"2311","起新"
"2312","月台"
"2313","回聲"
"2314","站點"
"2315","經濟"
"2316","公告"
"2317","大哥大"
"2318","不可"
"2319","之泡"
"2320","漁港"
"2321","瀨"
"2322","心齋"
"2323","橋西"
"2324","旅"
"2325","縱貫"
"2326","先行"
"2327","侏"
"2328","紀"
"2329","儸"
"2330","客"
"2331","感"
"2332","達成"
"2333","舉辦"
"2334","觀光局"
"2335","二四"
"2336","地主"
"2337","火山"
"2338","石燒"
"2339","滾滾"
"2340","五彩繽紛"
"2341","飴"
"2342","滑板車"
"2343","相莊"
"2344","奧宿"
"2345","這間"
"2346","折價券"
"2347","卡因"
"2348","皮"
"2349","相鐵大"
"2350","塚"
"2351","選"
"2352","鴨鍋"
"2353","汀"
"2354","近音"
"2355","邸"
"2356","浦"
"2357","福山"
"2358","遠音"
"2359","幼兒"
"2360","卡除"
"2361","兒童"
"2362","地址"
"2363","更改"
"2364","登入"
"2365","電子郵件"
"2366","初體驗"
"2367","感動"
"2368","大雜燴"
"2369","川端"
"2370","中洲"
"2371","購物中心"
"2372","繁忙"
"2373","店面"
"2374","百貨公司"
"2375","亂"
"2376","亂逛"
"2377","桔子"
"2378","市桂"
"2379","高知"
"2380","婚禮"
"2381","精緻"
"2382","一片"
"2383","他"
"2384","出"
"2385","外種"
"2386","失明"
"2387","在家"
"2388","老妻"
"2389","的笑"
"2390","好去處"
"2391","走走"
"2392","拍拍"
"2393","美國"
"2394","延期"
"2395","通知"
"2396","古堡"
"2397","惡靈"
"2398","伊根"
"2399","海產"
"2400","前線"
"2401","收據"
"2402","現貨"
"2403","富士山"
"2404","直島"
"2405","南瓜"
"2406","美麗"
"2407","宮浦港"
"2408","上網卡"
"2409","阿"
"2410","附加"
"2411","聲討"
"2412","手織"
"2413","找食"
"2414","巷弄"
"2415","水手服"
"2416","王寺"
"2417","爺爺"
"2418","空間"
"2419","石窯"
"2420","宗像堂"
"2421","酵母"
"2422","自助遊"
"2423","雪具"
"2424","湯澤"
"2425","四"
"2426","三年"
"2427","五二年"
"2428","阪"
"2429","黑豚"
"2430","壽庵"
"2431","誘惑"
"2432","薩摩"
"2433","交流"
"2434","棒球"
"2435","賽"
"2436","轉播"
"2437","八日"
"2438","列表"
"2439","雙人房"
"2440","不順"
"2441","候位"
"2442","市集"
"2443","東寺"
"2444","破銅爛鐵"
"2445","溫暖"
"2446","兩人"
"2447","加碼"
"2448","東南亞"
"2449","直飛"
"2450","愛台灣擬"
"2451","園祭"
"2452","塔卡"
"2453","上點"
"2454","有開"
"2455","出租"
"2456","逛逛"
"2457","可賞櫻"
"2458","面"
"2459","箕"
"2460","泉"
"2461","斑鳩"
"2462","丁"
"2463","思出"
"2464","女僕"
"2465","尾花"
"2466","鐮倉"
"2467","一蘭"
"2468","單軌"
"2469","一台"
"2470","多買"
"2471","托運"
"2472","卡通"
"2473","百元"
"2474","叉燒"
"2475","極"
"2476","自"
"2477","桌布"
"2478","製"
"2479","天空"
"2480","別府"
"2481","清海莊"
"2482","湯房"
"2483","可用"
"2484","台幣換"
"2485","出租店"
"2486","四周"
"2487","自行車"
"2488","千"
"2489","日前"
"2490","肉質"
"2491","很棒"
"2492","國產"
"2493","燒烤"
"2494","夜晚"
"2495","日券"
"2496","兌換券"
"2497","日航"
"2498","最早"
"2499","台館"
"2500","門一蘭屋"
"2501","爬山"
"2502","神秘"
"2503","遇到"
"2504","一些"
"2505","高"
"2506","隨身行李"
"2507","大宮"
"2508","五條"
"2509","周邊"
"2510","文官"
"2511","網"
"2512","雄飛"
"2513","不膩"
"2514","坐"
"2515","原宿店"
"2516","低氣壓"
"2517","留意"
"2518","強烈"
"2519","週六"
"2520","影響"
"2521","軍裝"
"2522","一附"
"2523","測試"
"2524","急售"
"2525","立恐"
"2526","恐龍"
"2527","改變"
"2528","官方網站"
"2529","起意"
"2530","先生"
"2531","屈臣氏"
"2532","香蕉"
"2533","本館"
"2534","道樂"
"2535","網元"
"2536","酷航後有"
"2537","音"
"2538","隱藏"
"2539","行淺草"
"2540","女人"
"2541","男人"
"2542","通堂"
"2543","台灣國"
"2544","貼"
"2545","貼紙"
"2546","護照"
"2547","動漫"
"2548","大樓"
"2549","百年"
"2550","新丸"
"2551","岐阜"
"2552","或犬山"
"2553","小玉"
"2554","紀念品"
"2555","三張"
"2556","海洋"
"2557","價錢"
"2558","變動"
"2559","放題"
"2560","大展"
"2561","岩田"
"2562","或是"
"2563","朋友"
"2564","帳號"
"2565","拍"
"2566","超商"
"2567","名產"
"2568","雪色"
"2569","夢幻"
"2570","宮古島"
"2571","山珈"
"2572","輕井澤丸"
"2573","海鮮"
"2574","魚人"
"2575","八幡"
"2576","代代木"
"2577","宮"
"2578","被麻"
"2579","節"
"2580","臉"
"2581","巨塔"
"2582","海灣"
"2583","備品"
"2584","三景松島"
"2585","有用"
"2586","關空"
"2587","笑"
"2588","愛媛"
"2589","化身"
"2590","成柯南"
"2591","柯南店"
"2592","偵探"
"2593","橋名"
"2594","今"
"2595","古宇利"
"2596","岸本"
"2597","城跡"
"2598","歸仁"
"2599","丸"
"2600","龜市"
"2601","微笑"
"2602","雷"
"2603","才"
"2604","時尚"
"2605","鬧中取靜"
"2606","月亮"
"2607","宜野灣"
"2608","海"
"2609","海景"
"2610","卡娜"
"2611","助"
"2612","兔"
"2613","赫拉"
"2614","羊毛氈"
"2615","材料"
"2616","廁所"
"2617","普遍"
"2618","今早"
"2619","千元"
"2620","更新"
"2621","京阪奈日"
"2622","幾個"
"2623","天文"
"2624","維新"
"2625","奈天"
"2626","不同"
"2627","種很像"
"2628","一堆"
"2629","不想"
"2630","賞櫻天夜"
"2631","腳踏車"
"2632","去程"
"2633","因"
"2634","就"
"2635","桌遊"
"2636","冷藏"
"2637","搖滾"
"2638","鹹"
"2639","席劃位"
"2640","潮汐"
"2641","立"
"2642","善用"
"2643","戶"
"2644","職棒"
"2645","屯"
"2646","骨"
"2647","兄弟"
"2648","薯條"
"2649","仙"
"2650","雲"
"2651","沾"
"2652","處"
"2653","腸"
"2654","藏木"
"2655","豆腐"
"2656","知名"
"2657","雨"
"2658","料理店"
"2659","姬奈"
"2660","別邸"
"2661","烹"
"2662","割"
"2663","音羽"
"2664","大姐"
"2665","沙龍"
"2666","美髮"
"2667","栗林"
"2668","中央公園"
"2669","樂不思蜀"
"2670","善光寺"
"2671","送回"
"2672","佐賀"
"2673","抉擇"
"2674","散客"
"2675","湯非"
"2676","女孩"
"2677","米奇"
"2678","園拉"
"2679","銀魂"
"2680","同行"
"2681","合照"
"2682","屋會"
"2683","原爆"
"2684","圓頂"
"2685","多點"
"2686","初階"
"2687","玩法"
"2688","雙人"
"2689","京奈"
"2690","元祖"
"2691","天閣"
"2692","串通"
"2693","新世界"
"2694","台女"
"2695","受"
"2696","突"
"2697","輕傷"
"2698","纜車"
"2699","櫻"
"2700","葫蘆"
"2701","杉長"
"2702","不住"
"2703","填寫"
"2704","大出"
"2705","清"
"2706","院友"
"2707","禪苑"
"2708","仙台"
"2709","伊達"
"2710","大會"
"2711","山夜"
"2712","火"
"2713","谷城"
"2714","涌"
"2715","奈天夜"
"2716","伴手禮"
"2717","三大碑"
"2718","壺碑"
"2719","賀城"
"2720","利用"
"2721","黑部加"
"2722","出入境"
"2723","申請"
"2724","時當機"
"2725","網上"
"2726","名單"
"2727","處分"
"2728","酷航到"
"2729","秋田"
"2730","雪屋"
"2731","橫手"
"2732","川上"
"2733","白"
"2734","現代"
"2735","傳統"
"2736","八景"
"2737","海島"
"2738","一笑"
"2739","茶房"
"2740","保證"
"2741","大丈夫"
"2742","直白"
"2743","御守"
"2744","長"
"2745","堀橋"
"2746","露營車"
"2747","正堂"
"2748","初等"
"2749","科"
"2750","習院"
"2751","舊地重遊"
"2752","奧"
"2753","單人"
"2754","伊東"
"2755","原有"
"2756","湯河"
"2757","官網訂"
"2758","不太愛坐"
"2759","著"
"2760","園白川"
"2761","冰爪"
"2762","便利店"
"2763","大國"
"2764","必買"
"2765","清單"
"2766","一串"
"2767","只要"
"2768","伊勢"
"2769","串燒"
"2770","派"
"2771","崛店"
"2772","道頓"
"2773","高崎"
"2774","另類"
"2775","年輕"
"2776","來看"
"2777","眼中"
"2778","一隻"
"2779","網走"
"2780","撿"
"2781","閃微"
"2782","單點"
"2783","日職"
"2784","觀賽"
"2785","梅田近"
"2786","鐵"
"2787","三八"
"2788","德島"
"2789","七月"
"2790","六花亭"
"2791","茶室"
"2792","還"
"2793","想法"
"2794","植物園"
"2795","之內"
"2796","燈城丸"
"2797","十送"
"2798","旅住"
"2799","偶像"
"2800","週末"
"2801","再"
"2802","還想"
"2803","今治來島"
"2804","海峽"
"2805","最高"
"2806","想問"
"2807","村金澤"
"2808","軍艦"
"2809","島的"
"2810","高千穗"
"2811","日版"
"2812","另一名"
"2813","上路"
"2814","台鐵"
"2815","急電"
"2816","塗裝"
"2817","首次"
"2818","遊的點"
"2819","交管"
"2820","北中"
"2821","還能"
"2822","買到極"
"2823","哪家"
"2824","順"
"2825","中文"
"2826","表演"
"2827","附"
"2828","對照表"
"2829","二郎"
"2830","指宿"
"2831","推濃"
"2832","醇香"
"2833","重大"
"2834","車嗎"
"2835","租過"
"2836","調度"
"2837","機材"
"2838","贈票"
"2839","大幅"
"2840","班次"
"2841","替代"
"2842","小雞"
"2843","共構"
"2844","東急"
"2845","港區"
"2846","費用"
"2847","享威航"
"2848","萬事達卡"
"2849","額外"
"2850","二七"
"2851","含稅"
"2852","偷偷"
"2853","月行"
"2854","何處"
"2855","絕佳"
"2856","青池"
"2857","誇張"
"2858","界"
"2859","藍瓶"
"2860","蘋果"
"2861","倉敷"
"2862","票要"
"2863","想到"
"2864","乘船"
"2865","幫忙"
"2866","石打"
"2867","洗澡"
"2868","限時"
"2869","方便"
"2870","京阪行"
"2871","皇家"
"2872","旁超"
"2873","麗嘉"
"2874","信"
"2875","訂閱"
"2876","廣告"
"2877","低調"
"2878","房內"
"2879","星野"
"2880","界津輕"
"2881","奢華"
"2882","餐點"
"2883","利尻島"
"2884","島嶼"
"2885","祕"
"2886","極北"
"2887","境"
"2888","引擎"
"2889","冒煙"
"2890","航機"
"2891","逃出"
"2892","更"
"2893","南邊"
"2894","求問"
"2895","抽票"
"2896","太空"
"2897","電鐵臨"
"2898","媽媽"
"2899","政宗"
"2900","瑞鳳殿"
"2901","獨眼龍"
"2902","大崎"
"2903","高瀨川"
"2904","鴨川旁"
"2905","善治郎"
"2906","退訂"
"2907","不了"
"2908","丸明"
"2909","商業"
"2910","四日遊"
"2911","那霸市"
"2912","伝"
"2913","味"
"2914","真"
"2915","對面"
"2916","噌"
"2917","鍋"
"2918","水果"
"2919","玉泉"
"2920","泡瀨"
"2921","洞"
"2922","蒸"
"2923","豬肉"
"2924","毛"
"2925","暖"
"2926","萬座"
"2927","暮"
"2928","兩歲"
"2929","要算"
"2930","重量"
"2931","嬰兒"
"2932","吉野家"
"2933","上下"
"2934","往來"
"2935","長短"
"2936","簽證"
"2937","何時"
"2938","這波"
"2939","會到"
"2940","馬拉松"
"2941","凱悅"
"2942","公車站"
"2943","真如堂"
"2944","十月"
"2945","人氣"
"2946","禮文島"
"2947","生日"
"2948","禮"
"2949","安德魯"
"2950","蛋塔"
"2951","等"
"2952","賀流"
"2953","樂甲"
"2954","燒道"
"2955","老"
"2956","舖"
"2957","宮邸"
"2958","閑"
"2959","跡"
"2960","拚"
"2961","是不是"
"2962","女性"
"2963","樓層"
"2964","吉拉"
"2965","格拉斯"
"2966","酷炫哥"
"2967","聲光"
"2968","麗"
"2969","輕井澤草津"
"2970","肥後橋"
"2971","適用"
"2972","仿真"
"2973","玩具"
"2974","金魚"
"2975","撈"
"2976","該辦"
"2977","幫"
"2978","周末"
"2979","春分"
"2980","二十幾"
"2981","用卡"
"2982","求解"
"2983","沒"
"2984","差別"
"2985","手"
"2986","赤城"
"2987","神樂"
"2988","惠方卷"
"2989","之湯"
"2990","差異"
"2991","矢場"
"2992","二八"
"2993","高台"
"2994","扇澤"
"2995","辦法"
"2996","以下"
"2997","品質"
"2998","作好"
"2999","通手"
"3000","阪京"
"3001","兩組"
"3002","公認"
"3003","年紀"
"3004","乘換"
"3005","案內"
"3006","幾次"
"3007","大津"
"3008","滋賀"
"3009","盡收眼底"
"3010","難"
"3011","初"
"3012","能否"
"3013","弁"
"3014","烏賊"
"3015","淡路"
"3016","內陸"
"3017","渡假村"
"3018","三位"
"3019","大學生"
"3020","尋"
"3021","測速"
"3022","無限"
"3023","卡莉"
"3024","飛行"
"3025","回台"
"3026","宅急"
"3027","取件"
"3028","便"
"3029","村藥妝"
"3030","窗口"
"3031","行之旅"
"3032","雙胞胎"
"3033","古"
"3034","至金澤"
"3035","最快"
"3036","三丁目"
"3037","四谷"
"3038","一之湯"
"3039","風味"
"3040","海綿"
"3041","求愛"
"3042","來日"
"3043","計畫"
"3044","破關"
"3045","最狂"
"3046","宮島"
"3047","事項"
"3048","制度"
"3049","會員"
"3050","城外"
"3051","影"
"3052","一週"
"3053","公共"
"3054","填錯"
"3055","稱謂"
"3056","返回"
"3057","水生"
"3058","浴室"
"3059","飲"
"3060","海濱"
"3061","幕張"
"3062","畢旅"
"3063","必看"
"3064","水上"
"3065","逛"
"3066","嵯峨"
"3067","自動"
"3068","售票機"
"3069","輕井澤越"
"3070","御殿場"
"3071","迷你"
"3072","提案"
"3073","湊線"
"3074","飄雪"
"3075","溫馨"
"3076","千層"
"3077","如"
"3078","夢幻般"
"3079","榮"
"3080","車資"
"3081","裝修"
"3082","暫時"
"3083","給集"
"3084","點卡"
"3085","芝櫻"
"3086","生活"
"3087","狂"
"3088","草莓"
"3089","最愛"
"3090","不用"
"3091","西鐵格"
"3092","利亞"
"3093","蘭西"
"3094","鐵索"
"3095","紅米"
"3096","湯布院"
"3097","傳抄"
"3098","升勢"
"3099","哈日族"
"3100","擋不住"
"3101","人吉"
"3102","開始"
"3103","運轉"
"3104","公司"
"3105","千葉"
"3106","木更津"
"3107","白雷神"
"3108","洋芋片"
"3109","蝦"
"3110","微雷"
"3111","二九"
"3112","拜觀"
"3113","優越"
"3114","愛"
"3115","日常"
"3116","極限"
"3117","運動"
"3118","體能"
"3119","屋敷"
"3120","三重"
"3121","津市"
"3122","縣"
"3123","一休"
"3124","札"
"3125","瑪利"
"3126","歐花"
"3127","停飛"
"3128","否"
"3129","順暢"
"3130","單購"
"3131","大正"
"3132","氣息"
"3133","危傷"
"3134","死命"
"3135","暴走"
"3136","鬧區"
"3137","園部"
"3138","櫻行"
"3139","鐵腿賞"
"3140","糖果"
"3141","之木"
"3142","砍掉"
"3143","天大"
"3144","長征"
"3145","中心"
"3146","以"
"3147","農曆年"
"3148","一家老小"
"3149","京都市"
"3150","卒業"
"3151","集選京大"
"3152","卷張"
"3153","鄉下"
"3154","改名"
"3155","靈活運用"
"3156","之華阪"
"3157","台湯"
"3158","井出"
"3159","冠軍"
"3160","流"
"3161","上海"
"3162","王"
"3163","自車"
"3164","車場"
"3165","駐"
"3166","必吃海"
"3167","海人"
"3168","百萬"
"3169","洲"
"3170","廳舍"
"3171","一和麻"
"3172","千年"
"3173","烤餅"
"3174","滋味"
"3175","傳承"
"3176","茶漬"
"3177","中旬"
"3178","陰"
"3179","毛暖"
"3180","五芒星"
"3181","很酷"
"3182","真的"
"3183","殼"
"3184","夜大"
"3185","恐達元"
"3186","旅行團"
"3187","漲幅"
"3188","飆升"
"3189","手打"
"3190","龜"
"3191","幣別"
"3192","東京都"
"3193","簡易"
"3194","天京"
"3195","阪行"
"3196","之間"
"3197","妙典"
"3198","環境"
"3199","最新"
"3200","價碼"
"3201","春遊"
"3202","賞梅"
"3203","金澤超"
"3204","近"
"3205","山灣"
"3206","白蝦"
"3207","特色"
"3208","富"
"3209","富吉之家"
"3210","整棟"
"3211","三十"
"3212","代碼"
"3213","低價"
"3214","暨"
"3215","販賣機"
"3216","卡好"
"3217","合作"
"3218","武士"
"3219","不予"
"3220","否則"
"3221","要求"
"3222","撕掉"
"3223","山路"
"3224","十三站"
"3225","電梯"
"3226","一月份"
"3227","各間"
"3228","載客率"
"3229","群馬"
"3230","調動"
"3231","六歌"
"3232","手創"
"3233","集合"
"3234","集錦"
"3235","跳蚤"
"3236","農夫"
"3237","呂不含"
"3238","貸切"
"3239","木"
"3240","利"
"3241","公寓"
"3242","不能"
"3243","老書街"
"3244","神保"
"3245","跑鞋"
"3246","能夠"
"3247","咖啡店"
"3248","行駛"
"3249","後將"
"3250","廢止"
"3251","情報"
"3252","菲律賓"
"3253","只為"
"3254","石垣"
"3255","直航"
"3256","輪"
"3257","麗娜"
"3258","旅行袋"
"3259","插曲"
"3260","友好"
"3261","協定"
"3262","締結"
"3263","三四"
"3264","櫻時"
"3265","驚喜"
"3266","票張"
"3267","聯盟"
"3268","菜單"
"3269","決擇"
"3270","天山"
"3271","鬼瓦"
"3272","最中"
"3273","古物"
"3274","廢物"
"3275","直掛"
"3276","陸地"
"3277","紅眼"
"3278","菜鳥"
"3279","內文"
"3280","及美瑛"
"3281","賞櫻京阪"
"3282","檢討"
"3283","貴賓室"
"3284","四季"
"3285","舞妓"
"3286","一丁"
"3287","出現"
"3288","共和國"
"3289","吉卜力"
"3290","採購"
"3291","開箱"
"3292","橡子"
"3293","壽司店"
"3294","十個"
"3295","必訪"
"3296","告訴"
"3297","大街"
"3298","野宮"
"3299","嵐電足湯"
"3300","店東"
"3301","武"
"3302","城市"
"3303","縣桑名"
"3304","寄"
"3305","今治"
"3306","拱型"
"3307","蜜月"
"3308","西成區"
"3309","並有"
"3310","或作"
"3311","秋保"
"3312","連結"
"3313","近視"
"3314","坐法"
"3315","省時省力"
"3316","最"
"3317","藏"
"3318","沒輸"
"3319","智遊"
"3320","網訂"
"3321","碼"
"3322","集"
"3323","匆匆"
"3324","不會"
"3325","很塞"
"3326","之外"
"3327","評價"
"3328","剛"
"3329","眼鏡"
"3330","摔斷了"
"3331","鏡架"
"3332","帶回"
"3333","醃漬"
"3334","鮭魚"
"3335","出口"
"3336","旁"
"3337","鮮花"
"3338","湖天夜"
"3339","九月份"
"3340","姬奈日"
"3341","大和卡"
"3342","但是"
"3343","原本"
"3344","團改"
"3345","開花"
"3346","預想"
"3347","專用"
"3348","寶寶"
"3349","反過來"
"3350","算"
"3351","松屋"
"3352","入谷"
"3353","齊"
"3354","鮮魚"
"3355","藤"
"3356","台人"
"3357","外國"
"3358","最多"
"3359","觀光客"
"3360","半夜"
"3361","兩點"
"3362","海鷗"
"3363","之日"
"3364","傳統產業"
"3365","十站"
"3366","知道"
"3367","名護"
"3368","美海"
"3369","模的家"
"3370","那個"
"3371","神戶港"
"3372","現正"
"3373","丁目"
"3374","近谷"
"3375","軒彌生軒"
"3376","地衝"
"3377","場"
"3378","傻傻"
"3379","馬場"
"3380","開心"
"3381","競"
"3382","成電"
"3383","西"
"3384","十二天"
"3385","小小"
"3386","必去"
"3387","白色"
"3388","羽翼"
"3389","絕美"
"3390","訂會席"
"3391","閣想"
"3392","行請"
"3393","刪除"
"3394","水戶"
"3395","弘道"
"3396","名城"
"3397","集章"
"3398","規定"
"3399","萩湯"
"3400","感想"
"3401","遛"
"3402","群馬縣"
"3403","挑戰"
"3404","修行者"
"3405","比內"
"3406","究極"
"3407","角館"
"3408","雞"
"3409","櫻之里"
"3410","哪天"
"3411","可怕"
"3412","事故"
"3413","撞"
"3414","擦"
"3415","沿線"
"3416","臨空"
"3417","買點"
"3418","購"
"3419","千家"
"3420","柴"
"3421","壺屋"
"3422","露台"
"3423","激烈"
"3424","六月"
"3425","上訂"
"3426","只訂"
"3427","嬰兒車"
"3428","台日廉"
"3429","航台灣"
"3430","統計"
"3431","截至"
"3432","有馬"
"3433","御苑"
"3434","集合地點"
"3435","能換"
"3436","大雪"
"3437","大分"
"3438","不玩由布院"
"3439","地獄"
"3440","二選"
"3441","舞濱"
"3442","再配"
"3443","快遞"
"3444","送達"
"3445","達"
"3446","網購"
"3447","必遊"
"3448","夜櫻含"
"3449","晚到"
"3450","大比拼"
"3451","優格"
"3452","橋大丸"
"3453","協會"
"3454","雨鞋"
"3455","賞鳥"
"3456","修正"
"3457","前言"
"3458","十七個"
"3459","小撇步"
"3460","出國"
"3461","中島"
"3462","南方"
"3463","需請"
"3464","里谷"
"3465","招屋"
"3466","紅豆餅"
"3467","貓咪"
"3468","有效"
"3469","京小町"
"3470","趕搭京濱"
"3471","一年"
"3472","三回"
"3473","宴居"
"3474","酒屋"
"3475","人才"
"3476","行軍"
"3477","就是"
"3478","上旬"
"3479","酷航快"
"3480","關心"
"3481","阿美"
"3482","橫町"
"3483","全套"
"3484","西遊記"
"3485","特"
"3486","淘寶"
"3487","贈送"
"3488","奈賞櫻"
"3489","山元"
"3490","營業時間"
"3491","崛"
"3492","巢"
"3493","釣遊"
"3494","路亞"
"3495","大車"
"3496","井"
"3497","倒影"
"3498","篠"
"3499","退票"
"3500","換房"
"3501","山城"
"3502","天守"
"3503","木造"
"3504","犬"
"3505","最古"
"3506","東行"
"3507","入場"
"3508","上半年"
"3509","手作"
"3510","因幡"
"3511","筆記"
"3512","藥師"
"3513","湖搭"
"3514","牛超"
"3515","本社"
"3516","外苑賞"
"3517","下雪"
"3518","餐飲"
"3519","父母"
"3520","記"
"3521","想用"
"3522","多圖"
"3523","倉山"
"3524","跳台"
"3525","第二發"
"3526","釣魚"
"3527","三井"
"3528","這幾人"
"3529","安名"
"3530","東平"
"3531","前濱"
"3532","海灘"
"3533","肉店"
"3534","彩伽亭"
"3535","激推"
"3536","森永"
"3537","變快"
"3538","輕井澤住"
"3539","大廚"
"3540","所有"
"3541","滿足"
"3542","需求"
"3543","邊"
"3544","填"
"3545","資料"
"3546","週遊券"
"3547","比還"
"3548","智遊網"
"3549","聖瑪麗亞"
"3550","十二月"
"3551","節儉"
"3552","應算"
"3553","杜"
"3554","三景"
"3555","之松島"
"3556","上越"
"3557","百合"
"3558","多層次"
"3559","京町家"
"3560","高野山"
"3561","開往"
"3562","安全"
"3563","天半纏"
"3564","哪買"
"3565","袢"
"3566","一袋"
"3567","拾獲"
"3568","秋"
"3569","第四天"
"3570","辦公室"
"3571","成本"
"3572","堀"
"3573","通天"
"3574","開賣"
"3575","再次"
"3576","於"
"3577","大飯店"
"3578","神奈川"
"3579","福袋"
"3580","城崎"
"3581","永"
"3582","進進堂"
"3583","觀堂"
"3584","金山"
"3585","房間"
"3586","照"
"3587","僅"
"3588","品牌"
"3589","牌子"
"3590","手上"
"3591","冬一人旅"
"3592","寄物"
"3593","櫃圓"
"3594","且"
"3595","乾淨"
"3596","衣物"
"3597","完稅"
"3598","郵寄"
"3599","課稅"
"3600","舊"
"3601","新川"
"3602","龜島川"
"3603","一星"
"3604","鐵板燒"
"3605","問"
"3606","物"
"3607","非日"
"3608","日券來"
"3609","東海"
"3610","不夠"
"3611","屋台館"
"3612","堀店"
"3613","台銀"
"3614","結算"
"3615","當日"
"3616","年底"
"3617","東海道"
"3618","十日"
"3619","這段"
"3620","作"
"3621","汽船"
"3622","絕不能"
"3623","錯過"
"3624","見學"
"3625","馬自達"
"3626","野生"
"3627","重返"
"3628","壹番"
"3629","船長"
"3630","遊艇"
"3631","一杯"
"3632","奶茶"
"3633","便利商店"
"3634","帶著"
"3635","推種"
"3636","日記"
"3637","二宮"
"3638","新勝寺"
"3639","說明"
"3640","旅舍"
"3641","鳥居"
"3642","鑽過"
"3643","寶石"
"3644","的頭"
"3645","殼兒"
"3646","馬賽克"
"3647","楓"
"3648","美利堅"
"3649","北村"
"3650","茅草屋"
"3651","郡"
"3652","八代"
"3653","目儀"
"3654","兵衛"
"3655","必逛"
"3656","美妝控"
"3657","原會"
"3658","關閉"
"3659","雪盲"
"3660","賞雪"
"3661","夕食"
"3662","之宿"
"3663","秀峰"
"3664","湖逆"
"3665","閣湖"
"3666","第一名"
"3667","化"
"3668","外籍"
"3669","回國"
"3670","便捷"
"3671","客買"
"3672","玩萬博"
"3673","額滿"
"3674","細部"
"3675","三人用"
"3676","卷分"
"3677","越獄"
"3678","歲"
"3679","湖到"
"3680","標錯價"
"3681","行藥妝"
"3682","看得懂"
"3683","持卡"
"3684","專案"
"3685","大榮"
"3686","野人獻曝"
"3687","京阪奈行"
"3688","動力"
"3689","傘"
"3690","蔚藍"
"3691","翱翔"
"3692","不減"
"3693","興致"
"3694","探索"
"3695","樂高"
"3696","女滿別"
"3697","特惠"
"3698","新春"
"3699","台玄品"
"3700","河豚"
"3701","賣空"
"3702","壓管"
"3703","慶生"
"3704","換票"
"3705","完美"
"3706","孤獨"
"3707","約"
"3708","美感"
"3709","愛上"
"3710","限制"
"3711","只是"
"3712","有些"
"3713","來問"
"3714","有時"
"3715","阿姨"
"3716","媽去"
"3717","庭院"
"3718","楓葉"
"3719","控必訪"
"3720","彙"
"3721","整"
"3722","西園"
"3723","何處尋"
"3724","上白川"
"3725","食"
"3726","有雪"
"3727","小店"
"3728","屋封"
"3729","巾"
"3730","沙華"
"3731","時節"
"3732","著田曼珠"
"3733","新橋"
"3734","古色古香"
"3735","初去"
"3736","充滿"
"3737","星星"
"3738","大必"
"3739","手禮"
"3740","牛仙貝"
"3741","買伴"
"3742","辣油"
"3743","小島"
"3744","八重"
"3745","山石"
"3746","垣"
"3747","四人"
"3748","旅行社"
"3749","八十年"
"3750","丸福"
"3751","紅豆"
"3752","喜福堂"
"3753","郊區"
"3754","雪況"
"3755","阪奈京"
"3756","觀念"
"3757","墨鏡"
"3758","較佳"
"3759","休店"
"3760","成藏"
"3761","可買"
"3762","宅"
"3763","一月底"
"3764","山日"
"3765","串物"
"3766","串家"
"3767","炸物"
"3768","人生"
"3769","俄羅斯"
"3770","稚內"
"3771","餐館"
"3772","有大"
"3773","浴場"
"3774","千本"
"3775","壯觀"
"3776","鄉野"
"3777","成藏炸豬"
"3778","排定"
"3779","心店"
"3780","目利"
"3781","銀次"
"3782","激安"
"3783","一帶"
"3784","六甲"
"3785","摩耶"
"3786","青春"
"3787","通車"
"3788","解套"
"3789","亮點"
"3790","舞泉"
"3791","發售"
"3792","中野"
"3793","地人"
"3794","前五"
"3795","新開幕"
"3796","週三"
"3797","寺子"
"3798","竹田町屋"
"3799","在手"
"3800","稻"
"3801","必吃"
"3802","花丸軒"
"3803","快來"
"3804","喵"
"3805","貓"
"3806","貓控"
"3807","書局"
"3808","成功經驗"
"3809","求子"
"3810","那東急"
"3811","首里城"
"3812","山吉平"
"3813","氣炸"
"3814","一番"
"3815","入手"
"3816","伴手"
"3817","禮必食"
"3818","爽快"
"3819","九繪"
"3820","美食家"
"3821","漁師"
"3822","平宗"
"3823","柿葉"
"3824","感覺"
"3825","複雜"
"3826","十"
"3827","和田"
"3828","湖畔"
"3829","京阪奈美山"
"3830","店取"
"3831","京門"
"3832","回憶錄"
"3833","藝伎"
"3834","汐留"
"3835","港麗"
"3836","丸駒"
"3837","支笏湖"
"3838","幽靜"
"3839","賞雪趣"
"3840","披薩"
"3841","船"
"3842","樂桃晚"
"3843","魚王"
"3844","萬元"
"3845","飆至"
"3846","訂過"
"3847","山高橋家"
"3848","高尾"
"3849","通團"
"3850","下雨"
"3851","先去"
"3852","專車"
"3853","雪燈"
"3854","班表"
"3855","地瓜"
"3856","鹿別"
"3857","搶"
"3858","五郎"
"3859","台玉"
"3860","寮"
"3861","四烏丸"
"3862","入夜"
"3863","池"
"3864","青"
"3865","最上川"
"3866","勝牛"
"3867","蓋章"
"3868","退錢"
"3869","給我改"
"3870","直送"
"3871","倉本"
"3872","坐船"
"3873","離島"
"3874","新店"
"3875","琉璃"
"3876","雪節"
"3877","溪燈"
"3878","吸頂燈"
"3879","去不去"
"3880","九個"
"3881","熱門"
"3882","太陽"
"3883","輝"
"3884","松阪"
"3885","備案"
"3886","花魁"
"3887","裝扮"
"3888","山園"
"3889","部"
"3890","毒品"
"3891","茶葉"
"3892","託帶"
"3893","竟是"
"3894","被捕"
"3895","人助"
"3896","天助"
"3897","夏之旅"
"3898","優惠價"
"3899","最末"
"3900","丁烷"
"3901","可帶"
"3902","打火機"
"3903","雪茄"
"3904","吉旬"
"3905","沖"
"3906","現"
"3907","搞懂"
"3908","操作方法"
"3909","小森"
"3910","門戶"
"3911","第一站"
"3912","大使"
"3913","米妮"
"3914","果實"
"3915","法式"
"3916","風情"
"3917","改點"
"3918","摘要"
"3919","好好"
"3920","船有"
"3921","遊覽"
"3922","日田由布院"
"3923","沒訂"
"3924","二手"
"3925","衣換"
"3926","捐"
"3927","實用"
"3928","村之"
"3929","些"
"3930","金"
"3931","澤"
"3932","滿滿"
"3933","維修"
"3934","蜘蛛人"
"3935","半價"
"3936","小船"
"3937","看到"
"3938","節目"
"3939","中央"
"3940","無線"
"3941","推文鬧版"
"3942","旋風"
"3943","檢"
"3944","總體"
"3945","高樓"
"3946","火車站"
"3947","轉"
"3948","隨著"
"3949","半"
"3950","計劃"
"3951","無緣"
"3952","趕不上"
"3953","變化"
"3954","日子"
"3955","退款"
"3956","無法"
"3957","轉售"
"3958","差點"
"3959","松屋家"
"3960","喜歡"
"3961","雅高"
"3962","諾富特"
"3963","兩套"
"3964","券日券"
"3965","吃喝"
"3966","各"
"3967","大大"
"3968","六人房"
"3969","各位"
"3970","麻煩"
"3971","券可"
"3972","到佐世保"
"3973","肥前"
"3974","換車"
"3975","求"
"3976","散心"
"3977","剩天"
"3978","工期"
"3979","相隔"
"3980","補修"
"3981","熱鬧"
"3982","役所"
"3983","同"
"3984","顯示"
"3985","搜身"
"3986","來到"
"3987","花人逢"
"3988","包機"
"3989","舟"
"3990","推抹"
"3991","霜淇淋"
"3992","東本願"
"3993","掰"
"3994","丹"
"3995","旭屋"
"3996","朽木"
"3997","鯖"
"3998","分鐘"
"3999","寬敞"
"4000","打錯"
"4001","英文名字"
"4002","京豆"
"4003","庵"
"4004","煎餅"
"4005","寶玉"
"4006","代金"
"4007","隨興"
"4008","讀取"
"4009","白熊"
"4010","高田"
"4011","看起來"
"4012","壺川站"
"4013","兵"
"4014","桶"
"4015","爆米花"
"4016","第五天"
"4017","蒸汽"
"4018","可去"
"4019","高岡"
"4020","陸"
"4021","碼及"
"4022","鬼屋"
"4023","實際"
"4024","三條"
"4025","開訂"
"4026","游"
"4027","接"
"4028","路程"
"4029","晨跑"
"4030","路線"
"4031","法"
"4032","遊訪嵐電"
"4033","夠"
"4034","魚干"
"4035","湯頭"
"4036","人身事故"
"4037","阪和線"
"4038","永平"
"4039","早課"
"4040","坐禪"
"4041","精進"
"4042","新館"
"4043","越西"
"4044","細節"
"4045","直"
"4046","美章園"
"4047","普通車"
"4048","順路"
"4049","廚神"
"4050","饗宴"
"4051","人員"
"4052","安檢"
"4053","水族"
"4054","葛西"
"4055","臨海"
"4056","寺院"
"4057","大名"
"4058","內地"
"4059","雞比"
"4060","註冊"
"4061","網頁"
"4062","中村"
"4063","末"
"4064","往返"
"4065","十一天"
"4066","改"
"4067","崛激安"
"4068","殿堂"
"4069","失敗"
"4070","元祿"
"4071","始祖"
"4072","大黑"
"4073","家天"
"4074","麩羅"
"4075","一幸"
"4076","舍"
"4077","京阪奈天"
"4078","榮名"
"4079","全球"
"4080","同人誌"
"4081","展售會"
"4082","最大"
"4083","伴"
"4084","風船"
"4085","跨"
"4086","金龍"
"4087","堀拉"
"4088","元旦"
"4089","玉陵"
"4090","口吃"
"4091","弘"
"4092","肉京肉"
"4093","旁大"
"4094","鴨川"
"4095","人擠"
"4096","倒"
"4097","吸塵器"
"4098","明日"
"4099","將在"
"4100","女"
"4101","重傷"
"4102","馬路"
"4103","遭撞"
"4104","取得"
"4105","國際機場"
"4106","荷蘭"
"4107","開關門"
"4108","自問自答"
"4109","布彩過"
"4110","再訪"
"4111","橫丁"
"4112","旗艦店"
"4113","之丘谷"
"4114","谷根千"
"4115","買卡"
"4116","轉卡糟"
"4117","粗略"
"4118","小物"
"4119","插"
"4120","畫家"
"4121","二日遊"
"4122","夏"
"4123","特殊"
"4124","爽爽"
"4125","天夜仙"
"4126","巖"
"4127","廣"
"4128","千萬"
"4129","不要"
"4130","不然"
"4131","野餐"
"4132","街頭"
"4133","藝人"
"4134","類"
"4135","瞭望台"
"4136","大晦"
"4137","長樂"
"4138","張屋"
"4139","不厭"
"4140","令"
"4141","有話"
"4142","百去"
"4143","教授"
"4144","說"
"4145","屋段"
"4146","醬油"
"4147","一炭炭"
"4148","一鳥"
"4149","烤雞肉"
"4150","寺外"
"4151","彩繪"
"4152","蠟燭"
"4153","一定"
"4154","冷冷"
"4155","努努雞"
"4156","炸雞"
"4157","流水"
"4158","素"
"4159","行程表"
"4160","閃日"
"4161","的里"
"4162","樹"
"4163","姬天"
"4164","足湯"
"4165","玩金澤"
"4166","傑克"
"4167","貴志川"
"4168","宮城縣"
"4169","海鞘"
"4170","特產"
"4171","加油"
"4172","宴"
"4173","扣款"
"4174","決濟"
"4175","補票"
"4176","比利時"
"4177","不出"
"4178","知識"
"4179","種類"
"4180","糗"
"4181","別錯過"
"4182","谷店"
"4183","粉"
"4184","英文"
"4185","百夫長"
"4186","人會"
"4187","很多"
"4188","志摩"
"4189","泡岩"
"4190","盤浴"
"4191","早鳥票"
"4192","之丘"
"4193","生命"
"4194","贈禮"
"4195","券回"
"4196","一中"
"4197","村藤吉"
"4198","東福寺"
"4199","廣川"
"4200","地鐵站"
"4201","報警"
"4202","過嗎"
"4203","監視器"
"4204","明石"
"4205","金之湯"
"4206","去京阪"
"4207","甚麼"
"4208","旅社"
"4209","棒棒"
"4210","帳篷"
"4211","不錯"
"4212","九月"
"4213","多人"
"4214","官山"
"4215","藍星"
"4216","哪間"
"4217","看燈"
"4218","馬太"
"4219","閣之湯"
"4220","環"
"4221","同一"
"4222","犯規"
"4223","神奇"
"4224","寶貝"
"4225","全面"
"4226","門檻"
"4227","擴大"
"4228","正宗"
"4229","征服"
"4230","炙燒"
"4231","英國人"
"4232","電視節目"
"4233","九"
"4234","朝晚"
"4235","矢"
"4236","疏運"
"4237","跑道"
"4238","檢修"
"4239","小山"
"4240","元庵"
"4241","抹茶"
"4242","神級"
"4243","捲"
"4244","海遊館"
"4245","代行"
"4246","空中纜車"
"4247","一價居"
"4248","吃宵夜"
"4249","場均"
"4250","查無"
"4251","會津"
"4252","詳細"
"4253","第六天"
"4254","每月"
"4255","粥品"
"4256","大概"
"4257","轉西鐵"
"4258","打結"
"4259","腦筋"
"4260","東西"
"4261","菜花"
"4262","十月份"
"4263","淺草寺"
"4264","遠眺"
"4265","異人館"
"4266","姬"
"4267","涮涮鍋"
"4268","園八"
"4269","兩日遊"
"4270","中信"
"4271","飛牛超"
"4272","查"
"4273","商品名稱"
"4274","桂花"
"4275","酥"
"4276","嚮往"
"4277","自助式"
"4278","今宮"
"4279","戎"
"4280","波到"
"4281","近鐵難"
"4282","惠美須"
"4283","東橫有"
"4284","還被"
"4285","更正"
"4286","食之陣"
"4287","意"
"4288","請留"
"4289","專業"
"4290","我的媽"
"4291","之門"
"4292","吉祥物"
"4293","同門"
"4294","師出"
"4295","急酷"
"4296","航改"
"4297","求婚"
"4298","令人"
"4299","驚豔"
"4300","不好"
"4301","田"
"4302","迷"
"4303","厲害"
"4304","橋超"
"4305","底"
"4306","中華街"
"4307","三昧"
"4308","馳"
"4309","人數"
"4310","建國"
"4311","紀念日"
"4312","預測"
"4313","仙洞"
"4314","仙壽"
"4315","海遊券京阪"
"4316","東口"
"4317","前雷門"
"4318","淺草藏"
"4319","愛電王"
"4320","江之電"
"4321","倉加"
"4322","島跨"
"4323","過夜"
"4324","六月天"
"4325","北"
"4326","武藏野"
"4327","高校"
"4328","灌籃高手"
"4329","二日"
"4330","丟"
"4331","隊友"
"4332","搞"
"4333","三白川"
"4334","文京區"
"4335","根津"
"4336","藍"
"4337","五百"
"4338","村上"
"4339","森"
"4340","隆"
"4341","圖展"
"4342","羅漢"
"4343","練"
"4344","遊山"
"4345","海獅"
"4346","假裝"
"4347","山林"
"4348","天狗"
"4349","營業所"
"4350","來住"
"4351","強羅"
"4352","莊"
"4353","三月初"
"4354","橋東"
"4355","無雪"
"4356","滑"
"4357","崛橋"
"4358","米"
"4359","美的"
"4360","特活"
"4361","霍格華茲"
"4362","瘋狂"
"4363","大沼"
"4364","沼之家"
"4365","糰子"
"4366","天皇"
"4367","拜年"
"4368","裡的"
"4369","餐券"
"4370","田湖"
"4371","兩位"
"4372","服"
"4373","中村藤吉"
"4374","失控"
"4375","茶控"
"4376","超抹"
"4377","沖洗"
"4378","明信片"
"4379","傳輸"
"4380","日高屋"
"4381","多久"
"4382","轉濃飛"
"4383","搭船"
"4384","鳴門"
"4385","大學"
"4386","洞爺"
"4387","免稅品"
"4388","雜七雜八"
"4389","佐藤"
"4390","三航及"
"4391","東陽"
"4392","相鐵"
"4393","史努比"
"4394","小鎮"
"4395","山中"
"4396","熊本縣"
"4397","四茶"
"4398","人家"
"4399","自備"
"4400","理"
"4401","醍醐"
"4402","點整"
"4403","樽"
"4404","峽美瑛"
"4405","層雲"
"4406","真空"
"4407","煮過"
"4408","鮑魚"
"4409","海洋能"
"4410","無膽"
"4411","出來"
"4412","株式會社"
"4413","氣象"
"4414","第一回"
"4415","橋到"
"4416","準備"
"4417","拖運"
"4418","網路上"
"4419","城堡"
"4420","人迪士"
"4421","內有自"
"4422","米爾"
"4423","蒙特利"
"4424","大野"
"4425","定義"
"4426","旺季"
"4427","準嗎"
"4428","預估"
"4429","之神"
"4430","所在"
"4431","拜訪"
"4432","學問"
"4433","規畫"
"4434","西班牙"
"4435","悠遊"
"4436","縣南紀"
"4437","置放"
"4438","老牌"
"4439","近年"
"4440","開業"
"4441","之里"
"4442","名花"
"4443","山形"
"4444","賀茂"
"4445","原"
"4446","日出"
"4447","住處"
"4448","總武線轉"
"4449","死傷"
"4450","翻覆"
"4451","靈寶"
"4452","極力推薦"
"4453","藻乃花"
"4454","串炸"
"4455","神座"
"4456","山雪牆"
"4457","水霸"
"4458","開卡"
"4459","人輕"
"4460","翻落"
"4461","釀死"
"4462","京成"
"4463","泉門天"
"4464","沒雪"
"4465","預訂"
"4466","訂購"
"4467","三亭"
"4468","可能"
"4469","共存"
"4470","一早"
"4471","完"
"4472","接下來"
"4473","遊玩"
"4474","疋"
"4475","京橋"
"4476","尿布"
"4477","防水"
"4478","彩"
"4479","蒲田"
"4480","萬博"
"4481","跟臨"
"4482","倉城"
"4483","燈城佐"
"4484","總表"
"4485","北端"
"4486","防波堤"
"4487","宗谷"
"4488","稚"
"4489","慢慢"
"4490","銀河"
"4491","精"
"4492","資料館"
"4493","怎"
"4494","光之汐"
"4495","留"
"4496","洋食"
"4497","屋必"
"4498","專家"
"4499","島麗星"
"4500","東區"
"4501","兩人僅"
"4502","西武"
"4503","櫻通口"
"4504","一大早"
"4505","團購"
"4506","村京阪"
"4507","明年"
"4508","泊"
"4509","稅"
"4510","課"
"4511","洋式"
"4512","法善"
"4513","少女"
"4514","有著"
"4515","西口"
"4516","搭崎京線"
"4517","釋房"
"4518","雄獅"
"4519","九折"
"4520","信卡"
"4521","錦系"
"4522","大象"
"4523","海邊"
"4524","矗立"
"4525","觀賞"
"4526","迷必訪"
"4527","北面"
"4528","室"
"4529","太平洋"
"4530","日立"
"4531","喝咖啡"
"4532","後天"
"4533","解決方案"
"4534","大豐收"
"4535","不看"
"4536","可惜"
"4537","國際展覽"
"4538","第一家"
"4539","經營"
"4540","使者"
"4541","心者"
"4542","行初"
"4543","松竹梅"
"4544","板"
"4545","簽名"
"4546","器機王"
"4547","平"
"4548","明智"
"4549","必來"
"4550","兩津迷"
"4551","派出所"
"4552","摩天大樓"
"4553","行釧路"
"4554","不停"
"4555","風景"
"4556","運河"
"4557","冰雪"
"4558","夢境"
"4559","絕品"
"4560","黑輪"
"4561","滷"
"4562","奔"
"4563","道後夜"
"4564","宇宙"
"4565","發行"
"4566","風格"
"4567","塔皮"
"4568","餡"
"4569","味乃家"
"4570","燒炒"
"4571","燒之里"
"4572","讀谷山"
"4573","協助"
"4574","相機"
"4575","掉"
"4576","請求"
"4577","陣屋"
"4578","朝市"
"4579","注意"
"4580","三定"
"4581","天婦"
"4582","的天"
"4583","草寺"
"4584","京急"
"4585","第七天"
"4586","蒲田站"
"4587","空拉"
"4588","入味"
"4589","波特蘭"
"4590","給要"
"4591","鞋店"
"4592","營業"
"4593","手套"
"4594","五款"
"4595","甚平"
"4596","湖下"
"4597","三寶"
"4598","六"
"4599","小值賀"
"4600","島民"
"4601","晚"
"4602","機率"
"4603","六角"
"4604","味道"
"4605","洛甘舍"
"4606","脆皮"
"4607","堂旁"
"4608","內容"
"4609","重寄"
"4610","啤酒廠"
"4611","跳蚤市場"
"4612","五福"
"4613","石桓島"
"4614","遊輪"
"4615","釜"
"4616","來信"
"4617","洽中"
"4618","感謝"
"4619","請勿"
"4620","炒"
"4621","超貴"
"4622","俱樂部"
"4623","宿淺草"
"4624","拜託"
"4625","冏"
"4626","消失"
"4627","大涌谷"
"4628","交通狀況"
"4629","金澤往"
"4630","啥事"
"4631","發生"
"4632","玩偶"
"4633","哪兒"
"4634","代刷"
"4635","換現"
"4636","壽喜燒"
"4637","搖晃"
"4638","用過"
"4639","數據"
"4640","機上"
"4641","中道"
"4642","行海"
"4643","小田"
"4644","原線"
"4645","方塊"
"4646","魔術"
"4647","附必"
"4648","順利"
"4649","別"
"4650","旅人"
"4651","當失格"
"4652","那豚"
"4653","回數票"
"4654","航路"
"4655","千禧"
"4656","時髦"
"4657","大內"
"4658","只見"
"4659","宿會津"
"4660","絕景"
"4661","新穗"
"4662","伽藍"
"4663","酷航折"
"4664","含寶塚"
"4665","加快"
"4666","明明"
"4667","參加"
"4668","簽名會"
"4669","軒"
"4670","索取"
"4671","他們"
"4672","去年"
"4673","暴增"
"4674","外國遊客"
"4675","達萬人"
"4676","冰"
"4677","滋"
"4678","農園"
"4679","噗"
"4680","腳"
"4681","男子"
"4682","拒"
"4683","航偷"
"4684","揚言"
"4685","搭廉"
"4686","臺"
"4687","遭拒"
"4688","櫃"
"4689","霸佔"
"4690","樂桃托"
"4691","攻"
"4692","無快"
"4693","圖"
"4694","輕"
"4695","穗"
"4696","改期"
"4697","走到"
"4698","從早"
"4699","鐵腿"
"4700","皇居乾通"
"4701","自助餐"
"4702","退費"
"4703","出新"
"4704","味覺"
"4705","糖"
"4706","寄物櫃"
"4707","換季"
"4708","日券張"
"4709","藤屋"
"4710","幻景"
"4711","公寓式"
"4712","全新"
"4713","套房"
"4714","大寺"
"4715","太郎"
"4716","深"
"4717","調布"
"4718","共"
"4719","原泉"
"4720","福神"
"4721","室內"
"4722","大浪"
"4723","防"
"4724","萬人"
"4725","撤離"
"4726","暴雪"
"4727","趕緊"
"4728","衝"
"4729","安靜"
"4730","一小"
"4731","帶些"
"4732","林"
"4733","海街"
"4734","其中"
"4735","遲延"
"4736","八伏見"
"4737","宮梅苑"
"4738","祗"
"4739","園四"
"4740","暑期"
"4741","圍爐"
"4742","廚房"
"4743","鄉荻"
"4744","集落"
"4745","人潮"
"4746","春天"
"4747","機型"
"4748","茅場"
"4749","愛心"
"4750","票卡"
"4751","兼"
"4752","尋人"
"4753","溝通"
"4754","線轉"
"4755","橫須賀"
"4756","神話"
"4757","發源地"
"4758","龍宮"
"4759","松田"
"4760","小田原"
"4761","染髮"
"4762","剪髮"
"4763","竹下"
"4764","多張"
"4765","單張"
"4766","牛炸"
"4767","黑毛"
"4768","霜降"
"4769","可刷"
"4770","子"
"4771","石"
"4772","秋遊"
"4773","奧入"
"4774","溪流"
"4775","銚"
"4776","化妝"
"4777","寺雪"
"4778","立海"
"4779","近畿"
"4780","一航廈"
"4781","淋浴間"
"4782","棉被"
"4783","干"
"4784","煮"
"4785","圓"
"4786","七彩"
"4787","支那"
"4788","一汁"
"4789","不如"
"4790",""
"4791","喜"
"4792","紫"
"4793","牌整"
"4794","髮"
"4795","際"
"4796","八土"
"4797","小巷"
"4798","反"
"4799","弄"
"4800","不必"
"4801","保養"
"4802","第八天"
"4803","江"
"4804","行家"
"4805","屋松倉"
"4806","大門"
"4807","面臨"
"4808","壓力"
"4809","龐大"
"4810","飆漲"
"4811","阪奈天"
"4812","超好"
"4813","可換"
"4814","湯葉"
"4815","天草"
"4816","小朋友"
"4817","買物伴"
"4818","橡樹"
"4819","先買"
"4820","手指"
"4821","剁"
"4822","迎新年"
"4823","搶票"
"4824","三代同堂"
"4825","狗"
"4826","冷"
"4827","買雪靴"
"4828","內野"
"4829","海豹"
"4830","寒布"
"4831","排到"
"4832","創房"
"4833","三國"
"4834","四百年"
"4835","歷史"
"4836","冬之田澤湖"
"4837","辰子"
"4838","閃閃發亮"
"4839","像"
"4840","用品"
"4841","公尺"
"4842","震撼"
"4843","五臟俱全"
"4844","麻雀"
"4845","忠助"
"4846","海幕"
"4847","張店"
"4848","友榮"
"4849","重複"
"4850","慘慘"
"4851","金澤日遊"
"4852","移動"
"4853","遊樂"
"4854","傳屋"
"4855","加入"
"4856","鋼彈"
"4857","明星"
"4858","共乘"
"4859","順便"
"4860","知育"
"4861","延長時間"
"4862","特定"
"4863","物詩"
"4864","春風"
"4865","塔六厘舍"
"4866","能用"
"4867","白金"
"4868","花旗"
"4869","秘書"
"4870","行天夜"
"4871","橋道"
"4872","起歐"
"4873","推出"
"4874","恐怖"
"4875","萬聖節"
"4876","一事"
"4877","仙山"
"4878","持"
"4879","預告"
"4880","大千"
"4881","不見"
"4882","唐吉軻德"
"4883","甲府"
"4884","十二月份"
"4885","白壁"
"4886","老街"
"4887","河畔"
"4888","美觀"
"4889","楊柳"
"4890","天地人"
"4891","五感"
"4892","通店"
"4893","小舟"
"4894","雷門"
"4895","旅莊"
"4896","券至"
"4897","第九天"
"4898","萬國"
"4899","近鐵版"
"4900","外國人"
"4901","扯"
"4902","摸"
"4903","謝絕"
"4904","櫃檯"
"4905","時"
"4906","深夜"
"4907","田中"
"4908","西與梅"
"4909","阪急"
"4910","津二"
"4911","松乃"
"4912","奈城崎"
"4913","鐘聲"
"4914","建築物"
"4915","布久"
"4916","庭景町屋"
"4917","正常"
"4918","男生"
"4919","西湖"
"4920","野鳥"
"4921","山梨"
"4922","雪化"
"4923","雪金閣"
"4924",""
"4925","十足"
"4926","份量"
"4927","英國"
"4928","農家"
"4929","行阿寒"
"4930","湖篇"
"4931","地位"
"4932","如同"
"4933","紫禁城"
"4934","先"
"4935","訂後付"
"4936","逛行"
"4937","火鍋"
"4938","烹店"
"4939","平灣"
"4940","看川"
"4941","騎"
"4942","法律"
"4943","書籍"
"4944","驚愕"
"4945","酥脆"
"4946","湊熱鬧"
"4947","地盤"
"4948","村長"
"4949","車費"
"4950","計程"
"4951","山下"
"4952","拍攝"
"4953","智久"
"4954","咪將"
"4955","啾"
"4956","極不推"
"4957","阪奈神"
"4958","金澤京"
"4959","琵琶"
"4960","牛田站"
"4961","關屋"
"4962","急行"
"4963","限量"
"4964","日牌"
"4965","特賣會"
"4966","破冰船"
"4967","啟航"
"4968","進入"
"4969","七色"
"4970","逛雷門"
"4971","最道"
"4972","異國"
"4973","碰到"
"4974","季會"
"4975","緣由"
"4976","午間"
"4977","麩"
"4978","羅本"
"4979","外市"
"4980","虎杖"
"4981","上吐下瀉"
"4982","生病"
"4983","及捷星"
"4984","寒流"
"4985","發威"
"4986","二張"
"4987","米澤牛"
"4988","嚴冬"
"4989","專門店"
"4990","叉燒飯"
"4991","柚子"
"4992","天九夜"
"4993","忍野八海"
"4994","牌"
"4995","好爽"
"4996","阿夫利"
"4997","清爽"
"4998","動漫展"
"4999","戰爭"
"5000","好喝"
"5001","金黃色"
"5002","電機"
"5003","價差"
"5004","東部"
"5005","次"
"5006","第"
"5007","噗嚨"
"5008","代拿"
"5009","盛開"
"5010","襲西"
"5011","出遊"
"5012","品川"
"5013","車旅"
"5014","一代"
"5015","蝴蝶"
"5016","公佈"
"5017","郵便局"
"5018","城拉"
"5019","競技場"
"5020","東山"
"5021","動植物園"
"5022","圖多"
"5023","暖氣"
"5024","十一"
"5025","御盤"
"5026","往金澤"
"5027","雨天"
"5028","回信"
"5029","雪胎"
"5030","他人"
"5031","誤拿"
"5032","新世紀"
"5033","火鍋店"
"5034","四條"
"5035","拾"
"5036","穫"
"5037","準確度"
"5038","小記"
"5039","六盛"
"5040","茶庭"
"5041","買東"
"5042","豚組"
"5043","地質公園"
"5044","珠山"
"5045","湖有"
"5046","河合"
"5047","神"
"5048","洗錢"
"5049","御金"
"5050","新招數"
"5051","失望"
"5052","象徵"
"5053","精神"
"5054","只靠"
"5055","愓"
"5056","警"
"5057","觀光業"
"5058","照片"
"5059","記行"
"5060","宮城"
"5061","大花"
"5062","火祭"
"5063","停辦"
"5064","記食"
"5065","吉村家"
"5066","系拉"
"5067","超過"
"5068","古川"
"5069","青森"
"5070","万茶"
"5071","土手"
"5072","祭弘前"
"5073","城雪"
"5074","燈籠"
"5075","愛麗絲"
"5076","賞櫻趣"
"5077","自豪"
"5078","朝食"
"5079","高安"
"5080","曇野"
"5081","時段"
"5082","木子"
"5083","提不動"
"5084","針對性"
"5085","保存"
"5086","禮品"
"5087","雜問"
"5088","加買"
"5089","訂"
"5090","降火"
"5091","清涼"
"5092","飲品"
"5093","拍照"
"5094","追"
"5095","羽屋"
"5096","夜行"
"5097","行要"
"5098","兩邊"
"5099","想要"
"5100","我想"
"5101","看雪"
"5102","通常"
"5103","稻荷山"
"5104","老媽"
"5105","十二"
"5106","平野"
"5107","大叔"
"5108","施與"
"5109","設"
"5110","五陵"
"5111","郭"
"5112","京王"
"5113","得分"
"5114","上不去"
"5115","稻佐山"
"5116","夜宿"
"5117","旅作"
"5118","高雄段"
"5119","開啟"
"5120","本家"
"5121","美津"
"5122","弘法"
"5123","忠誠度"
"5124","趕車"
"5125","京奈阪"
"5126","進去"
"5127","總會"
"5128","用品店"
"5129","美術"
"5130","部畫材"
"5131","天守閣"
"5132","行為"
"5133","抽禮卷"
"5134","格"
"5135","部落"
"5136","家常菜"
"5137","植"
"5138","更換"
"5139","鏡片"
"5140","的雙"
"5141","聯發科"
"5142","小家庭"
"5143","內含"
"5144","乾電池"
"5145","天宮"
"5146","水"
"5147","前至"
"5148","留青星谷"
"5149","燈城汐"
"5150","湖至"
"5151","匯款"
"5152","殿場"
"5153","四丁"
"5154","瓦片"
"5155","寫"
"5156","七草"
"5157","粥"
"5158","記上"
"5159","航高雄"
"5160","冬遊"
"5161","行前"
"5162","山景"
"5163","遊戲"
"5164","重訂"
"5165","保險"
"5166","廉航飛"
"5167","直線"
"5168","選錯"
"5169","初夏"
"5170","死百傷"
"5171","冷到"
"5172","零下"
"5173","不便"
"5174","航飛"
"5175","險"
"5176","十三"
"5177","石龜"
"5178","藝術品"
"5179","悲劇"
"5180","無力"
"5181","必酷"
"5182","門口"
"5183","郵局"
"5184","路況"
"5185","夕陽"
"5186","屋島"
"5187","香川"
"5188","望海"
"5189","配合"
"5190","產險"
"5191","酷航飛"
"5192","跟風"
"5193","價開"
"5194","拍攝地"
"5195","羅馬"
"5196","級別"
"5197","還沒訂"
"5198","禮拜"
"5199","商務"
"5200","艙"
"5201","購物點"
"5202","扶老攜幼"
"5203","素素"
"5204","和藹可親"
"5205","玩鹿"
"5206","神使"
"5207","隨便"
"5208","長谷"
"5209","萬"
"5210","燈會"
"5211","觀音"
"5212","看球賽"
"5213","攔下"
"5214","吃螃蟹"
"5215","阿寒"
"5216","小時候"
"5217","美月櫻"
"5218","難陀"
"5219","花園酒店"
"5220","攻陷"
"5221","港灣"
"5222","有趣"
"5223","金龍拉"
"5224","跪著"
"5225","男女"
"5226","三餐"
"5227","南千住"
"5228","飛台灣"
"5229","改幣別"
"5230","乾"
"5231","才能"
"5232","商場"
"5233","目的地"
"5234","十四"
"5235","櫛田"
"5236","總"
"5237","鎮守"
"5238","打店"
"5239","田家"
"5240","竹"
"5241","大變身"
"5242","型"
"5243","集小"
"5244","淺草花"
"5245","搬家"
"5246","歇業"
"5247","人偶"
"5248","美女"
"5249","陪"
"5250","壹"
"5251","詭異"
"5252","錢洋食"
"5253","哩程票"
"5254","行李架"
"5255","南部"
"5256","空位"
"5257","修改"
"5258","可逛"
"5259","承諾"
"5260","社交"
"5261","後果"
"5262","旅遊者"
"5263","對線"
"5264","團去"
"5265","全家福"
"5266","行小"
"5267","放棄"
"5268","訂近"
"5269","農曆"
"5270","小七"
"5271","肉包"
"5272","鹹蛋"
"5273","丸谷"
"5274","玄品"
"5275","吵"
"5276","鄰近"
"5277","雅房"
"5278","花田"
"5279","大雪紛飛"
"5280","本輪"
"5281","下方"
"5282","山之神"
"5283","岩手"
"5284","花卷"
"5285","溫泉鄉"
"5286","優香苑"
"5287","小樽店"
"5288","奶粉"
"5289","唐吉"
"5290","歌德"
"5291","起飛"
"5292","樂桃飛"
"5293","卡特"
"5294","價"
"5295","日本央行"
"5296","利率"
"5297","決議"
"5298","負"
"5299","涉谷店"
"5300","十五"
"5301","城夜"
"5302","櫻和幸"
"5303","流量"
"5304","的話"
"5305","宮崎駿"
"5306","圖文"
"5307","金之藏"
"5308","三間"
"5309","評比"
"5310","波"
"5311","空難"
"5312","天用"
"5313","洋室"
"5314","請款"
"5315","山中湖"
"5316","新雪"
"5317","鐵板"
"5318","榮東"
"5319","人情味"
"5320","中飄著"
"5321","空氣"
"5322","海水"
"5323","港町尾道"
"5324","小巧"
"5325","雞蛋糕"
"5326","茶道"
"5327","藤枝"
"5328","各線"
"5329","寺岡本"
"5330","轉新"
"5331","門店"
"5332","好味"
"5333","洋食店"
"5334","京都大學"
"5335","垣島"
"5336","飛石"
"5337","舒服"
"5338","搭早"
"5339","睡一覺"
"5340","導覽"
"5341","遊之"
"5342","湯之山"
"5343","湯之峰"
"5344","法國"
"5345","脆餅"
"5346","大耳狗"
"5347","菅沼"
"5348","雨中"
"5349","元喜"
"5350","甘"
"5351","白湯"
"5352","神雞"
"5353","極品"
"5354","韻回"
"5355","人工"
"5356","置物"
"5357","電子機票"
"5358","堀心"
"5359","齋橋"
"5360","取勝"
"5361","質感"
"5362","隔夜"
"5363","日歸"
"5364","安產"
"5365","陸地區"
"5366","合理"
"5367","肥成"
"5368","誕生"
"5369","自殺"
"5370","東尋坊"
"5371","長濱"
"5372","豐"
"5373","普門"
"5374","冬會"
"5375","殘雪"
"5376","太田"
"5377","隆司紙"
"5378","雕展"
"5379","合適"
"5380","高地"
"5381","度假"
"5382","牛燒"
"5383","工具書"
"5384","消費者"
"5385","意願"
"5386","編排"
"5387","選果"
"5388","洗練"
"5389","望樓"
"5390","野口"
"5391","寧靜"
"5392","大排長龍"
"5393","嫩"
"5394","彰化"
"5395","地下"
"5396","街超"
"5397","三山"
"5398","熊野"
"5399","露臺"
"5400","大酋"
"5401","慶典"
"5402","華南"
"5403","領錢"
"5404","角堂"
"5405","濃厚"
"5406","黑白"
"5407","上機"
"5408","下機"
"5409","足球"
"5410","東照宮"
"5411","彈"
"5412","塔可飯"
"5413","霞城店"
"5414","威航飛"
"5415","違規"
"5416","恩"
"5417","普布莉克杰"
"5418","近難"
"5419","記住"
"5420","出去"
"5421","天天"
"5422","春訓"
"5423","大蝦"
"5424","羔羊"
"5425","熊房"
"5426","節日"
"5427","正月"
"5428","白雪"
"5429","金閣"
"5430","銀"
"5431","近的飛"
"5432","離站"
"5433","往伏見"
"5434","捕魚"
"5435","飼"
"5436","鵜"
"5437","可樂"
"5438","餅"
"5439","村好"
"5440","各國"
"5441","品嚐"
"5442","北輕井澤草津"
"5443","片假名"
"5444","怎樣"
"5445","清新"
"5446","歌舞伎"
"5447","富良野"
"5448","省時"
"5449","勝串"
"5450","飽天"
"5451","良川道"
"5452","君悅"
"5453","內心"
"5454","御宅族"
"5455","探險"
"5456","渴望"
"5457","依然"
"5458","諸城"
"5459","雨傘"
"5460","新市"
"5461","明"
"5462","鰹"
"5463","千萬人次"
"5464","哈日"
"5465","赴"
"5466","破"
"5467","發佈"
"5468","暴風雪"
"5469","警報"
"5470","松江"
"5471","花鳥"
"5472","園的"
"5473","大兩小"
"5474","初三"
"5475","印度"
"5476","地南"
"5477","步行"
"5478","橋與"
"5479","聲音"
"5480","望遠鏡"
"5481","精密"
"5482","三一"
"5483","城二之丸"
"5484","御殿"
"5485","穩定"
"5486","不輸"
"5487","抽選"
"5488","記名"
"5489","實施"
"5490","核心"
"5491","神鍋"
"5492","高原"
"5493","藍嶺"
"5494","日京"
"5495","票變"
"5496","天半衝"
"5497","不見不散"
"5498","八兵衛"
"5499","巧遇"
"5500","煉屋"
"5501","蕨餅"
"5502","閏年"
"5503","驚魂"
"5504","連假篇"
"5505","二城"
"5506","品種"
"5507","眾多"
"5508","慶祝"
"5509","冰淇淋"
"5510","理賠"
"5511","天周"
"5512","天婦羅"
"5513","天富"
"5514","良"
"5515","羽"
"5516","悠"
"5517","結局"
"5518","玩到"
"5519","大陣"
"5520","需在"
"5521","一號"
"5522","三菱"
"5523","真榮田"
"5524","這裡"
"5525","四溢"
"5526","奶油"
"5527","香"
"5528","會風"
"5529","完售"
"5530","阿波豚"
"5531","英"
"5532","日行"
"5533","順時針"
"5534","待"
"5535","休"
"5536","前日"
"5537","頭髮"
"5538","六月份"
"5539","地墊"
"5540","吸水"
"5541","珪"
"5542","澡土"
"5543","特快"
"5544","普通"
"5545","由布號"
"5546","趕到"
"5547","防堵"
"5548","黃牛"
"5549","兒"
"5550","請宜"
"5551","犬山"
"5552","茶泡飯"
"5553","鯛匠"
"5554","三二"
"5555","城本"
"5556","潟"
"5557","比價"
"5558","五馨樂庭"
"5559","勝牛炸"
"5560","倉宿"
"5561","換成"
"5562","港幣"
"5563","卡住"
"5564","最慢"
"5565","四張"
"5566","計算"
"5567","置物櫃"
"5568","廉航樂桃"
"5569","飛雲"
"5570","住房"
"5571","歡愉"
"5572","區有"
"5573","初遊"
"5574","吹風機"
"5575","谷村"
"5576","紅豆冰"
"5577","座"
"5578","消暑"
"5579","喜味城"
"5580","河童"
"5581","一乘"
"5582","屋極"
"5583","霸者"
"5584","不佳"
"5585","啟動"
"5586","試驗"
"5587","實證"
"5588","行附"
"5589","君"
"5590","輪椅"
"5591","價位"
"5592","床位"
"5593","年版"
"5594","西鳥取"
"5595","多頭"
"5596","安倍"
"5597","救星"
"5598","痛打"
"5599","寬鬆"
"5600","勸"
"5601","想帶"
"5602","東口店"
"5603","代收"
"5604","包裹"
"5605","日卷"
"5606","卷京阪"
"5607","會想"
"5608","玩有"
"5609","立伊根"
"5610","曾"
"5611","訂樂桃"
"5612","三宮"
"5613","島竹原"
"5614","三三"
"5615","日遊終"
"5616","抗靜電"
"5617","的燒"
"5618","不夜城"
"5619","味兒"
"5620","非常"
"5621","逃現"
"5622","鄉"
"5623","行動"
"5624","涉及"
"5625","點多"
"5626","文章"
"5627","商"
"5628","電信"
"5629","木地"
"5630","一千億"
"5631","銷售額"
"5632","曾經"
"5633","幣"
"5634","恰當"
"5635","艾奎雅"
"5636","御子"
"5637","教堂"
"5638","殘坡"
"5639","預殿"
"5640","年齡"
"5641","停歇"
"5642","堂島"
"5643","提早"
"5644","巴費"
"5645","顏色"
"5646","期待"
"5647","落差"
"5648","燕樂燕"
"5649","峰"
"5650","紀念"
"5651","選購"
"5652","包車"
"5653","印帳"
"5654","朱"
"5655","湯原"
"5656","改票"
"5657","爭議"
"5658","消費"
"5659","退"
"5660","創新"
"5661","牧志"
"5662","洞通堂"
"5663","規則"
"5664","炭燒"
"5665","能到"
"5666","都市"
"5667","追雪"
"5668","院丸"
"5669","幸手權"
"5670","油菜花"
"5671","現堂"
"5672","滿開"
"5673","櫻堤"
"5674","幼幼班"
"5675","京阪奈快"
"5676","攜帶"
"5677","咖滋"
"5678","勝烈"
"5679","鳳翔"
"5680","異動"
"5681","捷星樂桃"
"5682","掙扎"
"5683","小米"
"5684","減班"
"5685","採"
"5686","十日遊"
"5687","簡短"
"5688","跟隨"
"5689","歡迎"
"5690","上圖"
"5691","唐戶"
"5692","馬關"
"5693","週五"
"5694","無可挑剔"
"5695","非法"
"5696","帶團"
"5697","暴利"
"5698","獲"
"5699","床"
"5700","硬"
"5701","墊"
"5702","上癮"
"5703","下圖"
"5704","經驗談"
"5705","豊"
"5706","蓋飯"
"5707","吳市"
"5708","極味屋"
"5709","座無虛席"
"5710","辣"
"5711","姬神"
"5712","婆婆媽媽"
"5713","客引"
"5714","可視"
"5715","海炎季"
"5716","去處"
"5717","市中心"
"5718","流浪"
"5719","聚樂"
"5720","跟東"
"5721","橫心"
"5722","偕"
"5723","過久彌"
"5724","觀光旅館"
"5725","伊呀"
"5726","撒"
"5727","之家"
"5728","地球"
"5729","博"
"5730","三津"
"5731","手羽"
"5732","自我"
"5733","天主教堂"
"5734","進不去"
"5735","二男住"
"5736","飛鳥"
"5737","輕鬆"
"5738","道央道"
"5739","打卡"
"5740","犬山市"
"5741","國寶"
"5742","中午"
"5743","星期日"
"5744","地休"
"5745","島風號"
"5746","百春"
"5747","通散策"
"5748","超厚玉子"
"5749","公斤"
"5750","個人"
"5751","左右"
"5752","帆布袋"
"5753","山代"
"5754","無何"
"5755","嘆"
"5756","觀止"
"5757","那買"
"5758","必要"
"5759","初訪"
"5760","慘叫"
"5761","妙"
"5762","乳頭"
"5763","秘境"
"5764","湯上"
"5765","俯視"
"5766","景色"
"5767","湯下"
"5768","投影"
"5769","組"
"5770","舍人"
"5771","線票"
"5772","營"
"5773","十四日"
"5774","租用"
"5775","行天"
"5776","版本"
"5777","之美賞"
"5778","用於"
"5779","宅宅行"
"5780","屏息"
"5781","原理"
"5782","烏托邦"
"5783","巨大"
"5784","現摘"
"5785","一覽表"
"5786","趕不到"
"5787","通行證"
"5788","台無料"
"5789","空房"
"5790","地板"
"5791","塌塌米"
"5792","文化"
"5793","古都"
"5794","財"
"5795","伊良"
"5796","部島"
"5797","旅助"
"5798","生"
"5799","航夏"
"5800","唬人"
"5801","保津"
"5802","峽拍"
"5803","太花"
"5804","哪"
"5805","和平"
"5806","不足"
"5807","長程"
"5808","紓解"
"5809","情形"
"5810","推廣"
"5811","渡輪"
"5812","隨意"
"5813","迎賓館"
"5814","石疊道"
"5815","金城"
"5816","首"
"5817","禁煙及"
"5818","千塊"
"5819","漸入佳境"
"5820","摩耶山"
"5821","臼町賞"
"5822","坎坷"
"5823","知床"
"5824","家山"
"5825","隧道"
"5826","十勝川大"
"5827","平原"
"5828","甜品"
"5829","黑糖"
"5830","蜜蜂"
"5831","濃郁"
"5832","司塔"
"5833","串"
"5834","炸起"
"5835","轉移"
"5836","事"
"5837","大雄"
"5838","哪有"
"5839","伏見淀"
"5840","早春"
"5841","干貝"
"5842","昆布"
"5843","野田"
"5844","河內"
"5845","藤園"
"5846","那須"
"5847","幼童"
"5848","汽座"
"5849","金澤和牛"
"5850","洪水"
"5851","三五"
"5852","長時間"
"5853","海自"
"5854","術科"
"5855","學校"
"5856","班鳩"
"5857","佐原"
"5858","湊票"
"5859","琉裝"
"5860","變身"
"5861","光夜"
"5862","卡要"
"5863","黑筆"
"5864","周二"
"5865","新款"
"5866","劇場"
"5867","白鳥"
"5868","光影"
"5869","東十勝川"
"5870","祭彩凜華"
"5871","任天堂"
"5872","億"
"5873","蓬萊"
"5874","一邊"
"5875","享用"
"5876","欣賞"
"5877","枝"
"5878","垂"
"5879","宮超"
"5880","春櫻"
"5881","雪白"
"5882","談談"
"5883","二遊"
"5884","星"
"5885","捷"
"5886","三遊"
"5887","入境隨俗"
"5888","快樂"
"5889","狗大"
"5890","速報"
"5891","地本"
"5892","學習"
"5893","願寺"
"5894","觀摩"
"5895","座位"
"5896","源作"
"5897","薰衣草"
"5898","自行"
"5899","截止"
"5900","難波心"
"5901","可不可能"
"5902","的點"
"5903","重要"
"5904","徒步走"
"5905","遊京"
"5906","葉線"
"5907","轉京"
"5908","賞櫻天"
"5909","山岡"
"5910","嘗試"
"5911","版日"
"5912","孤單"
"5913","草棘"
"5914","三六伊藤久"
"5915","王芷宜"
"5916","身分證"
"5917","遺失物"
"5918","折田"
"5919","湖之旅"
"5920","打雷"
"5921","射燈"
"5922","走法"
"5923","之森到"
"5924","園內"
"5925","更動"
"5926","炸蝦"
"5927","海老"
"5928","大賽"
"5929","投擲"
"5930","中城"
"5931","名園"
"5932","識"
"5933","赤阪"
"5934","機能"
"5935","燒烤店"
"5936","公布"
"5937","局"
"5938","展期"
"5939","造幣"
"5940","丸天"
"5941","岡沼"
"5942","津港"
"5943","砥"
"5944","首選"
"5945","大爺"
"5946","包棟當"
"5947","更新版"
"5948","返台"
"5949","介面"
"5950","上下車"
"5951","未來"
"5952","石橋"
"5953","街玉子"
"5954","本鄉"
"5955","校區"
"5956","探訪"
"5957","學府"
"5958","草屋"
"5959","淺草租"
"5960","發日"
"5961","還先"
"5962","力點"
"5963","鞭"
"5964","俗"
"5965","海港"
"5966","紅"
"5967","解讀"
"5968","疑似"
"5969","翻英"
"5970","適用於"
"5971","學生證"
"5972","城有"
"5973","會多早"
"5974","黑部室"
"5975","會選"
"5976","旅線"
"5977","遲遲"
"5978","大寒"
"5979","接近"
"5980","房及"
"5981","連續"
"5982","禁菸"
"5983","飛車"
"5984","翼手龍"
"5985","小型"
"5986","床房"
"5987","賓特"
"5988","吉帝"
"5989","梅田及"
"5990","利木津及"
"5991","附卡換"
"5992","三七"
"5993","大佛殿"
"5994","南船"
"5995","星期天"
"5996","春假"
"5997","敦賀魚"
"5998","有魚"
"5999","會代客"
"6000","牛排館"
"6001","一區"
"6002","主場"
"6003","外野"
"6004","二起"
"6005","每周"
"6006","常態"
"6007","散散步"
"6008","一趟"
"6009","帶上"
"6010","文庫"
"6011","我樂多"
"6012","制服"
"6013","東京大學"
"6014","建築"
"6015","半藏門"
"6016","行日遊"
"6017","杰足"
"6018","航站"
"6019","鮮登"
"6020","丹頂鶴"
"6021","東釧路"
"6022","漁市"
"6023","鶴居村"
"6024","感激不盡"
"6025","段"
"6026","館外"
"6027","老人家"
"6028","點半"
"6029","面膜"
"6030","這種"
"6031","商圈"
"6032","居家"
"6033","涉谷"
"6034","買買"
"6035","胖飽寶京阪"
"6036","古民家"
"6037","氛圍"
"6038","鐵路線"
"6039","現實"
"6040","討厭"
"6041","變成"
"6042","四河"
"6043","原町"
"6044","市比賣"
"6045","守護"
"6046","卡莉怪"
"6047","妞"
"6048","手動"
"6049","置底"
"6050","壽星"
"6051","入會"
"6052","皇宮"
"6053","喜瀨"
"6054","優先"
"6055","八月"
"6056","昨日"
"6057","德寺"
"6058","和平島"
"6059","好難"
"6060","祥苑"
"6061","湯之川"
"6062","長屋"
"6063","龍王"
"6064","出雲"
"6065","插座"
"6066","號寢台"
"6067","海陸"
"6068","雙拼"
"6069","路痴"
"6070","中古"
"6071","尺寸"
"6072","婦羅"
"6073","蓮輪"
"6074","足利"
"6075","看過"
"6076","紫藤花"
"6077","水印"
"6078","世紀"
"6079","團體票"
"6080","謝先生"
"6081","確定"
"6082","國土"
"6083","讚"
"6084","馬六甲"
"6085","邊銀"
"6086","買過"
"6087","蝦餅"
"6088","通報"
"6089","預先"
"6090","超推"
"6091","箱子"
"6092","和櫻"
"6093","表單"
"6094","日縱"
"6095","完吉卜力"
"6096","千鳥"
"6097","之淵賞"
"6098","小田代原"
"6099","秋天"
"6100","凋零"
"6101","宅配"
"6102","水波"
"6103","爐"
"6104","寸"
"6105","吊橋"
"6106","峽夢"
"6107","各項"
"6108","卡及"
"6109","假設"
"6110","幾天"
"6111","玩樂"
"6112","牛肉丸"
"6113","初號機"
"6114","筒"
"6115","大病"
"6116","寺市"
"6117","院前"
"6118","舞鶴"
"6119","賞櫻去"
"6120","末廣町"
"6121","三九"
"6122","橋梅田"
"6123","學生票"
"6124","上山"
"6125","工房"
"6126","起士"
"6127","湖天"
"6128","自訂"
"6129","機酒"
"6130","恩賜"
"6131","之淵"
"6132","之頭"
"6133","賞櫻井"
"6134","田川"
"6135","賞櫻隅"
"6136","江町"
"6137","金澤近"
"6138","近江"
"6139","壽"
"6140","必知"
"6141","起手式"
"6142","斑比"
"6143","過招"
"6144","越南"
"6145","觀看"
"6146","專買店"
"6147","天夜京"
"6148","人去"
"6149","四個"
"6150","急想問"
"6151","冰上"
"6152","阿寒湖"
"6153","華美"
"6154","太閣"
"6155","閤"
"6156","場景"
"6157","經典"
"6158","較"
"6159","西出"
"6160","進關"
"6161","回高雄"
"6162","旅杰語"
"6163","高田站"
"6164","陸前"
"6165","波奈"
"6166","專賣"
"6167","亞樹"
"6168","宣傳"
"6169","紗綾"
"6170","高城"
"6171","刺激"
"6172","午後"
"6173","柳"
"6174","洋溢"
"6175","烏龜"
"6176","鴨川畔"
"6177","音樂"
"6178","聽"
"6179","食用"
"6180","訂房間"
"6181","行飛"
"6182","斑尾"
"6183","糾紛"
"6184","租機"
"6185","解"
"6186","世通"
"6187","雷門仲見"
"6188","三線"
"6189","之花"
"6190","以前"
"6191","有明"
"6192","滿分"
"6193","一目"
"6194","千本櫻"
"6195","川堤"
"6196","白石"
"6197","西邊"
"6198","東邊"
"6199","看雪壁"
"6200","旅程"
"6201","難忘"
"6202","岡山縣"
"6203","桃太郎"
"6204","章"
"6205","戳"
"6206","行京"
"6207","山手線"
"6208","目白站"
"6209","下午茶"
"6210","大手"
"6211","金鱗湖"
"6212","雙重"
"6213","重新"
"6214","席會"
"6215","禮拜六"
"6216","土鍋"
"6217","心用"
"6218","煮出"
"6219","鍋巴"
"6220","匯報"
"6221","件"
"6222","綁成"
"6223","神奈"
"6224","通裡"
"6225","職人"
"6226","鋪滿"
"6227","京阪奈帶"
"6228","兩間"
"6229","小川"
"6230","款藥妝店"
"6231","雜誌"
"6232","全包"
"6233","及御子"
"6234","殘波"
"6235","台前"
"6236","打工"
"6237","返"
"6238","治安"
"6239","七星"
"6240","支氣管"
"6241","擴張劑"
"6242","三人行"
"6243","線往"
"6244","那邊"
"6245","吼"
"6246","鳴釜神事"
"6247","響徹"
"6248","湯本"
"6249","日全"
"6250","山賞櫻"
"6251","吉野"
"6252","騎車"
"6253","過頭"
"6254","的宿"
"6255","滿溢"
"6256","南蠻"
"6257","湯河原"
"6258","白川菅沼"
"6259","相倉"
"6260","吃飯"
"6261","台灣虎"
"6262","航洩"
"6263","開航"
"6264","新計畫"
"6265","善"
"6266","初步"
"6267","字母"
"6268","姓氏"
"6269","佐"
"6270","城大里"
"6271","起源"
"6272","號車"
"6273","久保"
"6274","石亭"
"6275","新大"
"6276","鳥類"
"6277","聚集地"
"6278","北京"
"6279","村野"
"6280","造型"
"6281","以及"
"6282","初春"
"6283","軟綿綿"
"6284","輕飄飄"
"6285","出近"
"6286","簡介"
"6287","幼團"
"6288","攜老帶"
"6289","換尿布"
"6290","中井澤"
"6291","住戶"
"6292","榆樹"
"6293","鎮非"
"6294","風華"
"6295","歷代"
"6296","通道"
"6297","澎湃"
"6298","心線"
"6299","往東"
"6300","急東"
"6301","副"
"6302","橫線"
"6303","工作室"
"6304","通上"
"6305","創意"
"6306","免治"
"6307","馬桶"
"6308","靠近"
"6309","不太"
"6310","幾句話"
"6311","懶懶"
"6312","停放"
"6313","騎租"
"6314","白櫻姬"
"6315","東武"
"6316","山司"
"6317","售價"
"6318","之藤龜"
"6319","戶天"
"6320","牛島"
"6321","花燈"
"6322","圓型"
"6323","戰利"
"6324","四十"
"6325","們"
"6326","潮平店"
"6327","首賣"
"6328","永久"
"6329","停業"
"6330","加價"
"6331","上忍"
"6332","菁英"
"6333","養成"
"6334","星悅"
"6335","人形"
"6336","西洋"
"6337","來福亭"
"6338","湯之坪"
"6339","爆"
"6340","研討會"
"6341","週二"
"6342","石川縣"
"6343","坊"
"6344","香林"
"6345","喝酒"
"6346","火腿"
"6347","隊"
"6348","豐盛"
"6349","花笠"
"6350","家庭"
"6351","策寺宇"
"6352","賞櫻散"
"6353","平米"
"6354","果真"
"6355","阿倍"
"6356","野店"
"6357","老求"
"6358","姻緣"
"6359","中華電信"
"6360","日租型"
"6361","行住"
"6362","繁體中文"
"6363","扭到"
"6364","取貨"
"6365","天讓"
"6366","本月底"
"6367","民眾"
"6368","城之旅"
"6369","威化"
"6370","緣"
"6371","橋杯"
"6372","多換"
"6373","匯價"
"6374","萬台幣"
"6375","超重"
"6376","三島"
"6377","對不起"
"6378","停用"
"6379","用該"
"6380","半天"
"6381","威"
"6382","四一"
"6383","西院"
"6384","居樂屋"
"6385","笑笑"
"6386","白樺"
"6387","浦添"
"6388","溜滑梯"
"6389","台鐵局"
"6390","協議"
"6391","家食記"
"6392","一石"
"6393","五鳥"
"6394","真心"
"6395","短評"
"6396","企劃"
"6397","京濱"
"6398","凶猛"
"6399","自然"
"6400","近身"
"6401","餵食"
"6402","兩大床"
"6403","外湯"
"6404","兵庫縣"
"6405","泡七大"
"6406","大須"
"6407","地標"
"6408","角度"
"6409","取景"
"6410","著名"
"6411","家旅"
"6412","西賞櫻"
"6413","陰山"
"6414","陽關"
"6415","門號"
"6416","券必訪"
"6417","駕到"
"6418","多少"
"6419","載"
"6420","看球"
"6421","人京阪"
"6422","有別於"
"6423","寧寧"
"6424","靜"
"6425","閃過"
"6426","轉搭"
"6427","怒買"
"6428","買不到"
"6429","當機"
"6430","高岳站"
"6431","有卡"
"6432","原味"
"6433","情侶"
"6434","時雨"
"6435","睡覺"
"6436","討論區"
"6437","陽炎"
"6438","嫩桶"
"6439","孤僻"
"6440","袋鼠"
"6441","重劃"
"6442","席車券"
"6443","現況"
"6444","預售票"
"6445","四二"
"6446","東院"
"6447","被迫"
"6448","冷暖"
"6449","風扇"
"6450","女版"
"6451","郵便"
"6452","立得"
"6453","剛剛"
"6454","旅計"
"6455","畫書"
"6456","檢視"
"6457","化妝水"
"6458","共食"
"6459","局賞櫻"
"6460","引戰"
"6461","多次"
"6462","兩周"
"6463","生日禮物"
"6464","給桐"
"6465","寶的"
"6466","街散策"
"6467","新阿寒"
"6468","圓滑"
"6469","這是"
"6470","衛星"
"6471","馬桶蓋"
"6472","密技"
"6473","哈多"
"6474","但"
"6475","驗證"
"6476","天鵝湖"
"6477","如詩如畫"
"6478","屈"
"6479","斜路"
"6480","尋求"
"6481","幫助"
"6482","西裝"
"6483","入關"
"6484","所需"
"6485","營運"
"6486","級"
"6487","勝浦"
"6488","擔擔"
"6489","金澤城"
"6490","對照"
"6491","搭訕"
"6492","人口"
"6493","鹿島"
"6494","吉備"
"6495","津彥"
"6496","騎單車"
"6497","鶴八"
"6498","冰穴"
"6499","風穴"
"6500","會場"
"6501","小密"
"6502","提前"
"6503","下去"
"6504","關門"
"6505","訊號"
"6506","休假"
"6507","泡溫泉"
"6508","部長"
"6509","啖"
"6510","雲朵"
"6511","裡大"
"6512","裡面"
"6513","遺忘"
"6514","橋往"
"6515","西之丸"
"6516","豐臣"
"6517","櫻天守閣"
"6518","及京阪"
"6519","市公車"
"6520","券剩"
"6521","四三姬"
"6522","竟"
"6523","傻眼"
"6524","引發"
"6525","火警"
"6526","追撞"
"6527","釀"
"6528","解決辦法"
"6529","配"
"6530","過期"
"6531","領卡"
"6532","練習場"
"6533","孩子"
"6534","六義園"
"6535","賞夜楓"
"6536","綠風閣"
"6537","鄂"
"6538","霍次克"
"6539","喜代村"
"6540","干預"
"6541","水準"
"6542","還會"
"6543","繼續"
"6544","觸發"
"6545","打通"
"6546","終於"
"6547","六日遊"
"6548","不一"
"6549","處理方式"
"6550","首遊"
"6551","山莊"
"6552","板上"
"6553","紅陽"
"6554","訂到"
"6555","彙總"
"6556","只限"
"6557","更津到"
"6558","春賞"
"6559","根城"
"6560","開國"
"6561","寶彥"
"6562","櫻滿"
"6563","牛川"
"6564","牛牛"
"6565","亞洲"
"6566","訂東橫"
"6567","累計"
"6568","到達"
"6569","搭威航"
"6570","向日葵"
"6571","麻辣教師"
"6572","山頂"
"6573","水中"
"6574","船賞"
"6575","魚去"
"6576","河"
"6577","原町店"
"6578","光院"
"6579","酷航改"
"6580","尻"
"6581","霧島"
"6582","廉航京阪"
"6583","就要"
"6584","三個"
"6585","國家"
"6586","之水"
"6587","御茶"
"6588","梅林"
"6589","園別"
"6590","現地"
"6591","觀察"
"6592","三星"
"6593","本隆"
"6594","成園"
"6595","岩樓"
"6596","櫻涉"
"6597","白川夜"
"6598","櫻牛禪"
"6599","櫻蹴上"
"6600","加床"
"6601","牛肉"
"6602","炭孫三郎"
"6603","之丸"
"6604","四四"
"6605","城西"
"6606","標準"
"6607","西瓜"
"6608","立山部"
"6609","刺青"
"6610","草蛇"
"6611","骨湯"
"6612","岐島"
"6613","步調"
"6614","委送"
"6615","岐牛燒"
"6616","長崎縣"
"6617","少量"
"6618","田舍"
"6619","兩大"
"6620","安曇野"
"6621","時會"
"6622","翡翠"
"6623","大姑娘"
"6624","回去"
"6625","洞房"
"6626","頭一"
"6627","行總"
"6628","京神阪"
"6629","班飛"
"6630","發問"
"6631","轟"
"6632","弗"
"6633","地理位置"
"6634","余家"
"6635","湖輕井澤"
"6636","大和魯內"
"6637","調漲"
"6638","至城崎"
"6639","蛋"
"6640","燒與厚"
"6641","鯛魚"
"6642","二年"
"6643","阪八板"
"6644","花間"
"6645","小寶"
"6646","疏水"
"6647","京都府"
"6648","割堤"
"6649","豬一拉"
"6650","櫻背"
"6651","比想"
"6652","純樸"
"6653","軒天"
"6654","濃縮"
"6655","可麗餅"
"6656","雙寶去"
"6657","行事曆"
"6658","老小"
"6659","近來"
"6660","引"
"6661","白濱"
"6662","提問"
"6663","鋸"
"6664","孫三郎"
"6665","街店"
"6666","開關"
"6667","仍"
"6668","小旅"
"6669","妝"
"6670","買藥"
"6671","折抵"
"6672","將町"
"6673","漁家"
"6674","燒居酒"
"6675","延"
"6676","扭蛋機"
"6677","氣象廳"
"6678","婚紗"
"6679","賀茂別"
"6680","重"
"6681","煙味"
"6682","櫻庵"
"6683","意外"
"6684","櫻滿開"
"6685","大好"
"6686","伊根灣"
"6687","徵詢"
"6688","雄關"
"6689","等家"
"6690","院上"
"6691","美式"
"6692","街上"
"6693","院下"
"6694","三大朝市"
"6695","他命"
"6696","合利"
"6697","強效"
"6698","錠"
"6699","塔可鐘"
"6700","人差"
"6701","川家康"
"6702","刻劃"
"6703","松城"
"6704","濱"
"6705","本島"
"6706","大人"
"6707","小酒館"
"6708","成熟"
"6709","轉角"
"6710","宅宅"
"6711","庶民"
"6712","種子島"
"6713","工具"
"6714","最低價"
"6715","彈性"
"6716","一品"
"6717","天下"
"6718","京自慢"
"6719","搭酷"
"6720","山看"
"6721","味司"
"6722","金烏"
"6723","城級"
"6724","野村"
"6725","小樽天夜"
"6726","貪心"
"6727","菅乃屋"
"6728","連線"
"6729","鑽機"
"6730","開設"
"6731","九丁目"
"6732","旅一"
"6733","隨性"
"6734","粉蝶"
"6735","常陸"
"6736","人杰"
"6737","畢業"
"6738","語"
"6739","秦站"
"6740","嵐"
"6741","電新"
"6742","青旅"
"6743","巷內"
"6744","騎較"
"6745","樂桃元"
"6746","船橋"
"6747","行含"
"6748","同住"
"6749","山洞"
"6750","怒川"
"6751","看得見"
"6752","南店"
"6753","正式"
"6754","宣布"
"6755","能量"
"6756","戰友"
"6757","一家"
"6758","茶谷"
"6759","鎧塚俊彥"
"6760","胃"
"6761","喚醒"
"6762","炸豬"
"6763","傳說"
"6764","神姬"
"6765","城內"
"6766","豆比"
"6767","茶香"
"6768","草店"
"6769","天台"
"6770","最新版"
"6771","兩株"
"6772","荒川"
"6773","向下"
"6774","記號"
"6775","酒旬"
"6776","姊妹"
"6777","具岐島"
"6778","九月底"
"6779","生態"
"6780","立方體"
"6781","三大櫻"
"6782","紫藤"
"6783","旅二"
"6784","分界"
"6785","日開"
"6786","名不虛傳"
"6787","商機"
"6788","大倉"
"6789","低價位"
"6790","高品質"
"6791","復古"
"6792","坐過"
"6793","肥本線"
"6794","隨逛"
"6795","福音戰士"
"6796","發表"
"6797","標準木"
"6798","今晚"
"6799","粉紅色"
"6800","將開"
"6801","燈"
"6802","多為"
"6803","狀態"
"6804","花苞"
"6805","含賞"
"6806","楓共篇"
"6807","櫻賞"
"6808","電器行"
"6809","肥薩線"
"6810","古園"
"6811","四五"
"6812","城好"
"6813","及梅"
"6814","早開"
"6815","御室"
"6816","快衝"
"6817","單"
"6818","太子"
"6819","活"
"6820","貍貓"
"6821","人房"
"6822","托運大"
"6823","哪有賣"
"6824","袋子"
"6825","更津"
"6826","牧場"
"6827","紅茶"
"6828","南口"
"6829","轉往"
"6830","喝午"
"6831","一保堂"
"6832","兩晚"
"6833","連逛"
"6834","市慢"
"6835","川木"
"6836","忠"
"6837","堀川通"
"6838","松島蒲"
"6839","烤魚"
"6840","鉾"
"6841","之行"
"6842","致意"
"6843","義塾"
"6844","福澤諭吉"
"6845","慶應"
"6846","海洋生物"
"6847","落淚"
"6848","爆炸"
"6849","電玩"
"6850","三連休"
"6851","公休日"
"6852","星期二"
"6853","佐世保"
"6854","悟空"
"6855","強棒"
"6856","目黑川"
"6857","爛漫"
"6858","淵"
"6859","靖國神社"
"6860","趣"
"6861","美容"
"6862","剪刀"
"6863","寵物"
"6864","極上"
"6865","發至"
"6866","薩頓"
"6867","激安價"
"6868","異常"
"6869","運作"
"6870","成長"
"6871","氣溫"
"6872","號後"
"6873","趨緩"
"6874","變低"
"6875","研磨"
"6876","胡椒"
"6877","罐可放"
"6878","放鴿子"
"6879","賣家"
"6880","似乎"
"6881","抽屜"
"6882","年後才開"
"6883","四六"
"6884","城天守閣"
"6885","私密"
"6886","密藏院"
"6887","琦"
"6888","千出"
"6889","函進"
"6890","閃特攻"
"6891","六厘舍"
"6892","代表"
"6893","等待時間"
"6894","職場"
"6895","青蓮寺"
"6896","湖小"
"6897","過癮"
"6898","看看"
"6899","大當機"
"6900","流星"
"6901","周三"
"6902","提款"
"6903","福音"
"6904","奧飛"
"6905","輦"
"6906","醬汁"
"6907","不管"
"6908","心情"
"6909","覺得"
"6910","下間"
"6911","失禮"
"6912","打給"
"6913","城賞櫻"
"6914","禮食"
"6915","蛋糕店"
"6916","敬老"
"6917","坐在"
"6918","較易"
"6919","山家炸"
"6920","亞斗夢之丘"
"6921","伏見稻"
"6922","荷往"
"6923","別亂餵"
"6924","街貓"
"6925","竟然"
"6926","小泉"
"6927","柳宗理"
"6928","誠"
"6929","回車"
"6930","私"
"6931","金券店"
"6932","修正版"
"6933","天久"
"6934","立體"
"6935","砂鍋"
"6936","陶鍋"
"6937","賞櫻行"
"6938","切手"
"6939","花錢"
"6940","上陸"
"6941","六週年"
"6942","四七"
"6943","七八"
"6944","推荐"
"6945","硬床"
"6946","徵人"
"6947","無雷"
"6948","管象"
"6949","卡會"
"6950","音量"
"6951","奇妙"
"6952","宮線"
"6953","宇奈"
"6954","加倍"
"6955","卡折"
"6956","折天"
"6957","行雙幣"
"6958","女子"
"6959","冰瀑"
"6960","彷彿"
"6961","地鐵票"
"6962","此"
"6963","筆直"
"6964","甲羅燒"
"6965","噁"
"6966","磯"
"6967","海域"
"6968","流水帳"
"6969","觀潮"
"6970","排小"
"6971","登"
"6972","戀戀"
"6973","乙女司"
"6974","名所足利"
"6975","花卉"
"6976","旅天夜"
"6977","四樓"
"6978","平山"
"6979","北西"
"6980","酒吧"
"6981","空明"
"6982","要蓋"
"6983","蓋"
"6984","只炸"
"6985","秒"
"6986","周黑部"
"6987","黃金"
"6988","伴旅"
"6989","底京阪"
"6990","搭名"
"6991","近江町店"
"6992","直衝"
"6993","國際飯店"
"6994","二手手機"
"6995","湖八人賞"
"6996","櫻團"
"6997","夜櫻秀"
"6998","圖書館"
"6999","閱覽室"
"7000","利市"
"7001","足"
"7002","行立山"
"7003","賞櫻地"
"7004","延到"
"7005","京林屋"
"7006","超大"
"7007","幾點"
"7008","改建"
"7009","倉庫"
"7010","新潮"
"7011","選物"
"7012","初見"
"7013","兩週年"
"7014","李加"
"7015","某些"
"7016","四八"
"7017","西本"
"7018","之夢"
"7019","食宿"
"7020","房價"
"7021","節慶"
"7022","卡省"
"7023","免收"
"7024","旅日"
"7025","越谷"
"7026","大阪市"
"7027","飛航"
"7028","機械故障"
"7029","橋店"
"7030","季訂"
"7031","日本海"
"7032","淺談"
"7033","連絡"
"7034","陰陽"
"7035","聯繫"
"7036","候領"
"7037","點到點"
"7038","織物"
"7039","不同點"
"7040","週遊卷"
"7041","寄來"
"7042","昌庭"
"7043","皮卡丘"
"7044","掃購"
"7045","湖輕井澤天夜"
"7046","恩納"
"7047","橫"
"7048","呼子"
"7049","花枝"
"7050","香亭"
"7051","鮮活"
"7052","卡啟"
"7053","晚歸"
"7054","翼"
"7055","藥品"
"7056","鯉魚"
"7057","壽陽"
"7058","今西軒"
"7059","早起"
"7060","牡丹"
"7061","對於"
"7062","眺望"
"7063","豪景"
"7064","舒芙蕾"
"7065","白天黑夜"
"7066","活米村"
"7067","風號"
"7068","港潮"
"7069","導航"
"7070","居然"
"7071","選中"
"7072","魔杖"
"7073","慘痛"
"7074","親友團"
"7075","加人"
"7076","可不可以"
"7077","到底"
"7078","稍晚"
"7079","買家"
"7080","站票"
"7081","旅途愉快"
"7082","復活節"
"7083","不滿"
"7084","嘯月"
"7085","山翠"
"7086","賽程"
"7087","陶瓷器"
"7088","散步道"
"7089","北由布"
"7090","四九"
"7091","東本"
"7092","獲獎"
"7093","訂由布院"
"7094","已滿開"
"7095","冰室"
"7096","日比谷"
"7097","鳥良"
"7098","距離"
"7099","榻榻米"
"7100","四處"
"7101","朱印"
"7102","根本"
"7103","無底洞"
"7104","國際漫遊"
"7105","通信費"
"7106","簡訊"
"7107","二月份"
"7108","星巴客"
"7109","最美"
"7110","朝陽"
"7111","大師"
"7112","手工"
"7113","魚板"
"7114","認識"
"7115","繪影"
"7116","明確規定"
"7117","報關"
"7118","歸國"
"7119","株式"
"7120","大源"
"7121","仙境"
"7122","賞楓絕"
"7123","當有"
"7124","禁忌"
"7125","禮貌"
"7126","宿松"
"7127","之腳"
"7128","酸"
"7129","車班"
"7130","國人"
"7131","抽幣"
"7132","改時"
"7133","七夕"
"7134","祈願"
"7135","誤打誤撞"
"7136","來京"
"7137","甜食"
"7138","松"
"7139","卡士"
"7140","蘋果派"
"7141","山野"
"7142","夢宿山"
"7143","褌"
"7144","啟航日"
"7145","線日券"
"7146","巴士站"
"7147","改到"
"7148","浴池"
"7149","幾人"
"7150","許願瓶"
"7151","浮"
"7152","黑潮"
"7153","潛心"
"7154","神威"
"7155","會館"
"7156","旅遊景點"
"7157","橋臥雲橋"
"7158","一卡"
"7159","五折"
"7160","申辦"
"7161","享"
"7162","有個"
"7163","約會"
"7164","可分售"
"7165","比羅"
"7166","行安井金"
"7167","訂錯"
"7168","看板"
"7169","堀新"
"7170","電子廣告"
"7171","郵政"
"7172","簡保之宿"
"7173","貴"
"7174","武家"
"7175","楓彩"
"7176","柳家"
"7177","疑慮"
"7178","失血"
"7179","遍手作"
"7180","愜意"
"7181","嚴島"
"7182","刀具"
"7183","紀行"
"7184","德之島"
"7185","洗髮"
"7186","半木之道"
"7187","垂櫻"
"7188","開紅支"
"7189","加熱式"
"7190","樓下"
"7191","變態"
"7192","環球網"
"7193","浴衣"
"7194","那店"
"7195","風亭"
"7196","要付"
"7197","訂金"
"7198","口袋"
"7199","信箱"
"7200","心動"
"7201","延長"
"7202","圖片"
"7203","點餐"
"7204","土岐"
"7205","長島"
"7206","井之頭"
"7207","城崎跨"
"7208","京阪電"
"7209","摩斯"
"7210","湖川越"
"7211","櫻里"
"7212","不買"
"7213","三味"
"7214","吐司"
"7215","幸櫻"
"7216","五鄉"
"7217","白鶴"
"7218","菊"
"7219","福鶴"
"7220","灘"
"7221","下台"
"7222","交通車"
"7223","滿席"
"7224","會帶"
"7225","打發"
"7226","市電"
"7227","通行"
"7228","單向"
"7229","號線"
"7230","輪替"
"7231","燈光"
"7232","趕得上"
"7233","木頭"
"7234","雕刻品"
"7235","城水前"
"7236","趣園"
"7237","購機"
"7238","童裝"
"7239","兩店"
"7240","一訪"
"7241","曼哈頓"
"7242","人物"
"7243","吉祥"
"7244","見面會"
"7245","鶴屋"
"7246","富騰"
"7247","唐津"
"7248","人民幣"
"7249","押金"
"7250","村落"
"7251","封面"
"7252","踏進"
"7253","手續"
"7254","一整天"
"7255","這血"
"7256","都衝"
"7257","揭曉"
"7258","答案"
"7259","名所百選"
"7260","使徒"
"7261","來襲"
"7262","特展"
"7263","名勝"
"7264","稻田"
"7265","藝術創作"
"7266","一人非"
"7267","三湖"
"7268","濕原"
"7269","門禁"
"7270","福千"
"7271","人新"
"7272","店址"
"7273","外拍"
"7274","攝影"
"7275","橋賞"
"7276","錦帶"
"7277","櫻去"
"7278","日間"
"7279","女生"
"7280","跳舞"
"7281","京阪賞"
"7282","櫻天夜"
"7283","山丘"
"7284","微熱"
"7285","三原"
"7286","物資"
"7287","訊"
"7288","週遭"
"7289","快通"
"7290","炸得"
"7291","起來"
"7292","勝博殿"
"7293","工具包"
"7294","分開"
"7295","飛天"
"7296","翼龍"
"7297","提領"
"7298","跨國"
"7299","輕輕鬆鬆"
"7300","牛豬"
"7301","兩份"
"7302","無料"
"7303","東瀛"
"7304","薄餅"
"7305","賞櫻記"
"7306","園看"
"7307","退房"
"7308","業者"
"7309","跨界"
"7310","一網"
"7311","搜"
"7312","蒸氣"
"7313","燈飾"
"7314","水基"
"7315","巡道"
"7316","宮地"
"7317","週一"
"7318","安心"
"7319","唐吉訶德"
"7320","這件"
"7321","補完"
"7322","改時制"
"7323","問問"
"7324","動作"
"7325","創個"
"7326","跌破"
"7327","靠"
"7328","清晨"
"7329","對外"
"7330","年月日"
"7331","風來坊"
"7332","唐揚"
"7333","送元"
"7334","早櫻"
"7335","春"
"7336","沒來"
"7337","即時"
"7338","魔法"
"7339","總店"
"7340","無償"
"7341","出町柳"
"7342","除外"
"7343","立食"
"7344","海豚"
"7345","港賞"
"7346","健檢"
"7347","山家"
"7348","岐阜縣"
"7349","嚴"
"7350","勝地"
"7351","越川"
"7352","廢"
"7353","談戀愛"
"7354","請愛我"
"7355","推義式"
"7356","踏青"
"7357","罐"
"7358","為治郎"
"7359","義"
"7360","蕃茄"
"7361","好物"
"7362","抗"
"7363","的熱"
"7364","紅酒"
"7365","風寒"
"7366","尚未"
"7367","泡美人湯"
"7368","落地"
"7369","簽"
"7370","寶靈館"
"7371","券近"
"7372","十一日"
"7373","近地"
"7374","鐵心"
"7375","可望"
"7376","好康"
"7377","抵"
"7378","一心"
"7379","行大櫻"
"7380","活鮮"
"7381","末廣"
"7382","定期"
"7383","航計畫"
"7384","臺灣"
"7385","人案"
"7386","受傷"
"7387","砍"
"7388","驚傳"
"7389","超萌療"
"7390","名古"
"7391","再來"
"7392","這兒"
"7393","逛遍"
"7394","日媒"
"7395","每"
"7396","航月"
"7397","搶先報"
"7398","峽產交"
"7399","兔子"
"7400","萌萌"
"7401","恩納村"
"7402","灣城山"
"7403","扇屋"
"7404","粉紅"
"7405","搜尋"
"7406","臉書"
"7407","空"
"7408","就醫"
"7409","乏善可陳"
"7410","五月份"
"7411","海鷹"
"7412","泡泡"
"7413","拉花"
"7414","不俗"
"7415","油質"
"7416","普普"
"7417","體"
"7418","米米門"
"7419","選位"
"7420","航將"
"7421","買貞子"
"7422","緣子"
"7423","遠傳"
"7424","攜手"
"7425","黃"
"7426","與紅"
"7427","踩踏"
"7428","起訖"
"7429","寄物處"
"7430","小王子"
"7431","翔"
"7432","地食"
"7433","材義式"
"7434","帶大"
"7435","隅"
"7436","之天夜"
"7437","乃家"
"7438","季流味"
"7439","券由"
"7440","熊野若"
"7441","諫"
"7442","空站"
"7443","非關"
"7444","搭到"
"7445","文長"
"7446","西松屋"
"7447","產品"
"7448","梅田站"
"7449","有百變"
"7450","怪"
"7451","北濱"
"7452","年擬"
"7453","吸引"
"7454","萬人次"
"7455","戰略"
"7456","婦久軒"
"7457","扛"
"7458","羽毛"
"7459","賞花"
"7460","大濠"
"7461","落雨"
"7462","宿有樂"
"7463","通用"
"7464","水取"
"7465","附大"
"7466","濃湯"
"7467","頭沾"
"7468","京版"
"7469","淺井"
"7470","四通"
"7471","百菜"
"7472","京奈天夜"
"7473","改飛"
"7474","本丸"
"7475","御膳"
"7476","冰川"
"7477","哭鬧"
"7478","旁邊"
"7479","機時"
"7480","優惠卷"
"7481","退關"
"7482","遭"
"7483","旬家"
"7484","巴換票"
"7485","草海"
"7486","附圖"
"7487","搶櫃"
"7488","洋子店"
"7489","酒類"
"7490","冰箱"
"7491","會點"
"7492","過來"
"7493","慢到"
"7494","閃賞櫻"
"7495","帆立"
"7496","值不高"
"7497","政七"
"7498","志津香"
"7499","三春"
"7500","瀧櫻"
"7501","到阪"
"7502","及目"
"7503","黑川花況"
"7504","直奔"
"7505","能帶"
"7506","器材"
"7507","醫療"
"7508","體脂計"
